,count_of_sizes,colors,color,product_code,reviews,star_rating,Size,comfort,quality
0,"['5', '5.5', '6', '6.5', '7', '7.5', '8', '8.5', '9', '9.5', '10', '10.5', '11']","['Hazy Emerald S21 / Sand / Core Black', 'Sand Strata S23 / Silver Violet S23 / Core Black', 'Grey Six / Grey Four / Impact Orange F22']",[],['Product code: HQ2123'],['Reviews (9)'],['4.7'],['52.7778'],['80.5556'],['86.1111']
1,"['M 5 / W 6', 'M 5.5 / W 6.5', 'M 6 / W 7', 'M 6.5 / W 7.5', 'M 7 / W 8', 'M 7.5 / W 8.5', 'M 8 / W 9', 'M 8.5 / W 9.5', 'M 9 / W 10', 'M 9.5 / W 10.5', 'M 10 / W 11', 'M 10.5 / W 11.5', 'M 11 / W 12', 'M 11.5 / W 12.5', 'M 12 / W 13', 'M 12.5 / W 13.5', 'M 13 / W 14', 'M 14 / W 15']","['Core Black / Cloud White / Carbon', 'Sand Strata S23 / Silver Metallic / Screaming Orange S21', 'Core Black / Cloud White / Lucid Lemon', 'Cloud White / Core Black / Grey One']",[],['Product code: IE7018'],['Reviews (15)'],['4.1'],['33.3333'],['70'],['73.3333']
2,"['5', '5.5', '6', '6.5', '7', '7.5', '8', '8.5', '9', '9.5', '10', '10.5', '11']","['Hazy Emerald S21 / Sand / Core Black', 'Sand Strata S23 / Silver Violet S23 / Core Black', 'Grey Six / Grey Four / Impact Orange F22']",[],['Product code: HQ2124'],['Reviews (9)'],['4.7'],['52.7778'],['80.5556'],['86.1111']
3,"['6', '7.5', '10.5']","['Core Black / Core Black / Cloud White', 'Cloud White / Cloud White / Silver Metallic', 'Core Black / Silver Dawn S23 / Silver Metallic']",[],['Product code: GY5260'],['Reviews (958)'],['4.8'],['49.8423'],['90.3523'],['92.9019']
4,"['M 9 / W 10', 'M 9.5 / W 10.5', 'M 10 / W 11', 'M 10.5 / W 11.5', 'M 11 / W 12', 'M 11.5 / W 12.5', 'M 12 / W 13']","['Wonder Taupe / Semi Coral Fusion / Wonder Taupe', 'Wonder Quartz / Pulse Blue / Semi Coral Fusion']",[],['Product code: IE1685'],['Reviews (44)'],['4.8'],['52.2727'],['77.8409'],['90.9091']
5,"['5', '5.5', '6', '6.5', '7', '7.5', '8', '8.5', '9', '9.5', '10', '10.5', '11']","['Burgundy / Core Black / Pulse Lime S22', 'Silver Violet S23 / Wonder Steel F22 / Core Black', 'Burgundy / Core Black / Pulse Lime S22', 'Hazy Emerald S21 / Core Black / Acid Mint']",[],['Product code: HQ2107'],['Reviews (5)'],['5.0'],['70'],['75'],['100']
6,"['M 7 / W 8', 'M 7.5 / W 8.5', 'M 8.5 / W 9.5', 'M 9 / W 10', 'M 9.5 / W 10.5', 'M 10 / W 11', 'M 10.5 / W 11.5', 'M 11 / W 12', 'M 11.5 / W 12.5', 'M 12 / W 13', 'M 12.5 / W 13.5', 'M 13 / W 14', 'M 13.5 / W 14.5']",[],['Cloud White / Core Black / Lucid Lemon'],['Product code: IE4206'],['Reviews (7)'],['5.0'],['50'],['96.4286'],['96.4286']
7,"['5.5', '6', '6.5', '7', '7.5', '8', '8.5', '9', '9.5', '10', '11']","['Beam Pink F22 / Cloud White / Beam Green F22', 'Core Black / Cloud White / Grey Three', 'Grey Four / Zero Metalic / Beam Orange F22']",[],['Product code: GX6657'],['Reviews (192)'],['4.2'],['53.2552'],['75.1302'],['81.25']
8,"['8', '9', '10', '11']","['Core Black / Core Black / Core Black', 'Cloud White / Cloud White / Cloud White', 'Light Flash Red / Light Flash Red / Light Flash Red']",[],['Product code: GW4365'],['Reviews (211)'],['4.0'],['72.0379'],['73.4597'],['83.5308']
9,"['M 7 / W 8', 'M 8 / W 9', 'M 8.5 / W 9.5', 'M 9 / W 10', 'M 9.5 / W 10.5', 'M 10 / W 11', 'M 11 / W 12', 'M 11.5 / W 12.5', 'M 12 / W 13']","['Wonder Orchid / Off White / Shadow Red', 'Core Black / Acid Orange / Lucid Pink', 'Wonder Beige / Off White / Orbit Grey', 'Solar Green / Impact Orange / Core Black', 'Collegiate Gold / Acid Orange S21 / Legend Ink', 'Core Black / Better Scarlet S23 / Iron Metallic']",[],['Product code: IE9304'],['Reviews (45)'],['4.4'],['51.6667'],['80'],['80.5556']
10,"['M 5 / W 6', 'M 6 / W 7', 'M 6.5 / W 7.5', 'M 7 / W 8', 'M 7.5 / W 8.5', 'M 8 / W 9', 'M 8.5 / W 9.5', 'M 9 / W 10', 'M 11 / W 12', 'M 11.5 / W 12.5', 'M 12 / W 13', 'M 13 / W 14']","['Bright Royal / Cloud White / Solar Red', 'Core Black / Core Black / Core Black', 'Cloud White / Cloud White / Cloud White', 'Cloud White / Core Black / Lucid Lemon']",[],['Product code: HQ4516'],['Reviews (76)'],['4.4'],['52.6316'],['75.6579'],['80.2632']
11,"['5.5', '6', '6.5', '7', '7.5', '8', '8.5', '9', '9.5', '10', '10.5', '11']","['Legend Ink / Core Black / Coral Fusion S23', 'Sand Strata S23 / Silver Violet S23 / Acid Orange S21']",[],['Product code: HQ6032'],['Reviews (4)'],['4.3'],['81.25'],['75'],['93.75']
12,"['6.5', '7.5', '8', '8.5', '9', '9.5', '10', '11']",[],['Cloud White / Silver Metallic / Clear Pink'],['Product code: GX3944'],['Reviews (22)'],['4.6'],['53.4091'],['82.9545'],['92.0455']
13,"['M 5 / W 6', 'M 6.5 / W 7.5', 'M 7 / W 8', 'M 7.5 / W 8.5', 'M 8 / W 9', 'M 8.5 / W 9.5', 'M 9 / W 10', 'M 9.5 / W 10.5', 'M 10 / W 11', 'M 10.5 / W 11.5', 'M 11 / W 12', 'M 11.5 / W 12.5', 'M 12 / W 13', 'M 13 / W 14', 'M 13.5 / W 14.5']","['Core Black / Cloud White / Team Shock Pink 2', 'Cloud White / Cloud White / Core Black', 'Core Black / Core Black / Cloud White', 'Team Solar Orange / Core Black / Core Black', 'Cloud White / Core Black / Lucid Lemon', 'Bright Royal / Cloud White / Bliss Blue']",[],['Product code: GZ0035'],['Reviews (134)'],['4.7'],['50.3731'],['80.597'],['85.6343']
14,"['5', '5.5', '6', '6.5', '7', '7.5', '8', '8.5', '9', '9.5', '10', '10.5', '11']","['Core Black / Core Black / Gum M2', 'Focus Olive F21 / Orbit Green F21 / Pulse Lime S22', 'Purple / Wonder Taupe / Coral Fusion', 'Purple / Wonder Taupe S23 / Coral Fusion S23', 'Core Black / Core Black / Gum']",[],['Product code: IG0375'],['Reviews (129)'],['4.5'],['60.2713'],['82.1705'],['88.5659']
15,"['M 6 / W 7', 'M 7 / W 8', 'M 8 / W 9', 'M 9.5 / W 10.5', 'M 10 / W 11', 'M 10.5 / W 11.5', 'M 11 / W 12', 'M 11.5 / W 12.5', 'M 12 / W 13', 'M 13 / W 14', 'M 14 / W 15']","['Core Black / Cloud White / Core Black', 'Core Black / Lucid Lemon / Blue Bird', 'Cloud White / Dash Grey / Blue Dawn S23', 'Wonder Beige F23 / Carbon / Wonder White F21', 'Cloud White / Carbon / Metal Grey', 'Dash Grey / Metal Grey / Bright Blue', 'Metal Grey / Carbon / Better Scarlet']",[],['Product code: IE9358'],['Reviews (148)'],['4.7'],['52.1959'],['84.2905'],['89.1892']
16,"['8', '8.5', '9', '9.5', '10', '11']",[],['Core Black / Clear Orange / Crystal White'],['Product code: H01174'],['Reviews (63)'],['4.6'],['56.8548'],['88.3065'],['91.2698']
17,"['M 6.5 / W 7.5', 'M 7 / W 8', 'M 7.5 / W 8.5', 'M 8 / W 9', 'M 8.5 / W 9.5', 'M 9 / W 10', 'M 9.5 / W 10.5', 'M 10 / W 11', 'M 10.5 / W 11.5', 'M 12 / W 13', 'M 12.5 / W 13.5', 'M 13 / W 14']","['Bright Royal / Cloud White / Bliss Blue', 'Cloud White / Core Black / Lucid Lemon']",[],['Product code: IE9487'],['Reviews (41)'],['4.2'],['43.9024'],['72.561'],['87.8049']
18,"['5', '5.5', '6', '6.5', '7', '7.5', '8', '8.5', '9', '9.5', '10', '10.5', '11']","['Magic Lime S22 / Burgundy / Orbit Green F21', 'Silver Violet S23 / Cloud White / Wonder Steel F22', 'Grey Six / Silver Violet S23 / Acid Orange S21']",[],['Product code: HQ3564'],['Reviews (13)'],['4.3'],['44.2308'],['80.7692'],['84.6154']
19,"['5.5', '6', '6.5', '7', '7.5']","['Grey One / Off White / Blue Dawn', 'Off White / Wonder Taupe S23 / Beam Orange F22', 'Wonder Quartz S23 / Wonder White F21 / Off White', 'Linen Green F22 / Dark Green / Earth Strata S23']",[],['Product code: HQ4302'],['Reviews (20)'],['4.0'],['55'],['83.75'],['83.75']
20,"['M 5 / W 6', 'M 5.5 / W 6.5', 'M 6 / W 7', 'M 6.5 / W 7.5', 'M 7 / W 8', 'M 7.5 / W 8.5', 'M 8 / W 9', 'M 8.5 / W 9.5', 'M 9 / W 10', 'M 9.5 / W 10.5', 'M 10 / W 11', 'M 10.5 / W 11.5', 'M 11 / W 12', 'M 11.5 / W 12.5', 'M 12 / W 13', 'M 13 / W 14', 'M 13.5 / W 14.5']",[],['Core Black / Team Solar Yellow 2 / Grey Five'],['Product code: IG0782'],['Reviews (4)'],['4.8'],['43.75'],['87.5'],['87.5']
21,"['5', '5.5', '6', '6.5', '7', '7.5', '8', '8.5', '9', '9.5', '10', '10.5', '11']","['Core Black / Core Black / Gum M2', 'Focus Olive F21 / Orbit Green F21 / Pulse Lime S22', 'Purple / Wonder Taupe / Coral Fusion', 'Purple / Wonder Taupe S23 / Coral Fusion S23', 'Core Black / Core Black / Gum']",[],['Product code: HQ1232'],['Reviews (129)'],['4.5'],['60.2713'],['82.1705'],['88.5659']
22,"['5.5', '6', '6.5']","['Core Black / Off White / Grey Six', 'Core Black / Core Black / Solar Pink', 'Cloud White / Cloud White / Silver Metallic', 'Core Black / Core Black / Cloud White', 'Mineral Green / Mineral Green / Mineral Green', 'Bright Orange / Bright Orange / Core Black', 'Bliss / Bliss / Tech Emerald', 'Crystal White / Crystal White / Silver Metallic', 'Core Black / Core Black / Core Black', 'Wonder White F21 / Wonder White F21 / Purple Tint', 'Core Black / Core Black / Cloud White', 'Cloud White / Cloud White / Core Black', 'Grey One / Bliss Pink F22 / Cloud White', 'Grey Four / Almost Blue F22 / Cloud White', 'Bliss / Bliss Pink F22 / Cloud White', 'Shadow Maroon F22 / Shadow Maroon F22 / Cloud White', 'Cloud White / Magic Grey S22 / Legend Ink', 'Linen Green F22 / Mineral Green / Cloud White', 'Core Black / Core Black / Wild Brown S21', 'Orbit Green F21 / Orbit Green F21 / Gold Metallic', 'Feather Grey / Feather Grey / Violet Tone F21', 'Halo Blush / Halo Blush / Cloud White', 'Cloud White / Hi-Res Green / Real Magenta', 'Ecru Tint / Ecru Tint / Impact Yellow', 'Cloud White / Almost Blue F22 / Vivid Red S21', 'Shadow Red / Beam Orange F22 / Core Black', 'Off White / Blue Fusion S23 / Core Black', 'Cloud White / Cloud White / Bliss Orange', 'Impact Orange F22 / Impact Orange F22 / Impact Orange F22', 'Legacy Burgundy S22 / Legacy Burgundy S22 / Legacy Burgundy S22', 'Beam Yellow / Beam Yellow / Core Black', 'Core Black / Cloud White / Blue Dawn S23', 'Wonder White F21 / Wonder White F21 / Cloud White', 'Dark Green / Core Black / Cloud White', 'Magic Beige / Magic Beige / Ecru Tint', 'Clear Pink / Clear Pink / Cloud White', 'Wonder White / Wonder White / Wonder Taupe', 'Shadow Red / Shadow Red / Pink Strata', 'Wonder Taupe / Aluminium / Clear Pink', 'Cloud White / Wonder Quartz / Wonder Quartz', 'Core Black / Cloud White / Grey Two', 'Off White / Preloved Blue / Halo Blush', 'Grey Five / Cloud White / Carbon', 'Wonder White / Wonder Beige / Supplier Colour', 'Cloud White / Core Black / Solar Yellow', 'Core Black / Core Black / Pulse Yellow', 'Beam Orange F22 / Beam Orange F22 / Cream White', 'Clay Strata / Off White / Off White', 'Wonder Quartz / Off White / Off White', 'Wonder Beige / Off White / Off White']",[],['Product code: IE4749'],['Reviews (3751)'],['4.4'],['59.8012'],['78.8297'],['85.9837']
23,"['M 5 / W 6', 'M 6 / W 7', 'M 6.5 / W 7.5', 'M 7 / W 8', 'M 7.5 / W 8.5', 'M 8 / W 9', 'M 8.5 / W 9.5', 'M 9 / W 10', 'M 9.5 / W 10.5', 'M 10 / W 11', 'M 10.5 / W 11.5', 'M 11 / W 12', 'M 11.5 / W 12.5', 'M 12 / W 13', 'M 12.5 / W 13.5', 'M 13 / W 14', 'M 14 / W 15']","['Core Black / Cloud White / Cloud White', 'Cloud White / Lucid Blue S23 / Better Scarlet S23', 'Arctic Fusion F23 / Cloud White / Lucid Lemon F23', 'Cloud White / Core Black / Off White', 'Chalk White / Wonder Clay F23 / Cloud White']",[],['Product code: IE7024'],['Reviews (39)'],['4.7'],['51.2821'],['78.8462'],['94.2308']
24,"['5', '5.5', '8', '8.5', '9', '9.5', '10.5', '11']",[],['Cloud White / Cloud White / Off White'],['Product code: IG3389'],['Reviews (18)'],['4.7'],['70.8333'],['84.7222'],['88.8889']
25,"['7', '7.5', '8.5', '9', '9.5']","['Halo Blue / Blue Dawn / Solar Red', 'Carbon / Off White / Screaming Orange', 'Wonder Quartz / Bright Royal / Wonder Clay', 'Silver Dawn / Shadow Navy / Coral Fusion', 'Shadow Violet F23 / Silver Violet S23 / Carbon', 'Core Black / Core Black / Grey Six', 'Dash Grey / Cloud White / Silver Metallic', 'Cloud White / Grey Four / Better Scarlet S23', 'Grey Five / Grey Five / Bliss Lilac', 'Off White / Cloud White / Linen Green', 'Core White / Wonder Quartz / Bliss Orange']",[],['Product code: ID9443'],['Reviews (158)'],['4.4'],['62.9747'],['87.0253'],['88.9241']
26,"['5.5', '6', '6.5', '7', '7.5', '8', '8.5', '9', '9.5', '10', '10.5', '11']","['Legend Ink / Core Black / Coral Fusion S23', 'Sand Strata S23 / Silver Violet S23 / Acid Orange S21']",[],['Product code: HQ6031'],['Reviews (4)'],['4.3'],['81.25'],['75'],['93.75']
27,"['M 9 / W 10', 'M 9.5 / W 10.5', 'M 10 / W 11', 'M 10.5 / W 11.5', 'M 11 / W 12', 'M 11.5 / W 12.5', 'M 12 / W 13', 'M 13 / W 14']","['Core Black / Cloud White / Team Colleg Gold 2', 'Team Dark Green / Cloud White / Collegiate Orange', 'Team Power Red 2 / Cloud White / Core Black', 'Core White / Silver Green S23 / Off White', 'Core White / Chalky Brown S22 / Off White', 'Shadow Navy / Court Green / Dash Grey', 'Cloud White / Cloud White / Cloud White', 'Collegiate Purple / Preloved Yellow F23 / Aluminium', 'Crew Blue S21 / Grey Six / Off White', 'Wonder Silver / Core Black / Off White', 'Wonder Beige / Clay / Off White', 'Grey / Off White / Wonder Beige F23', 'Cloud White / Off White / Acid Orange', 'Cloud White / Semi Lucid Blue / Clear Sky', 'Team Maroon 2 / Cloud White / Stone', 'Regal Purple / Cloud White / Team Sand']",[],['Product code: IE7701'],['Reviews (164)'],['4.5'],['49.6951'],['79.1159'],['87.8049']
28,"['5', '5.5', '6', '6.5', '7', '7.5', '8', '8.5', '9', '9.5', '10', '10.5', '11']","['Core Black / Turbo / Blue Rush S22', 'Core Black / Dash Grey / Cloud White', 'Blue Dawn S23 / Blue Fusion S23 / Coral Fusion S23', 'Sand Strata S23 / Silver Violet S23 / Wonder Taupe S23']",[],['Product code: H03190'],['Reviews (1)'],['5.0'],['50'],['100'],['100']
29,"['M 10 / W 11', 'M 11 / W 12', 'M 12 / W 13', 'M 13 / W 14']","['Core Black / Off White / Preloved Yellow', 'Off White / Carbon / Wonder Beige', 'Team Colleg Gold 2 / Team Navy / Team Coll Burgundy 2']",[],['Product code: IE9287'],['Reviews (77)'],['4.5'],['50.3247'],['82.4675'],['88.961']
30,"['M 5 / W 6', 'M 7 / W 8', 'M 12 / W 13']","['Cloud White / Platinum Metallic / Cloud White', 'Legend Ink / Bright Cyan / Legend Ink', 'Core Black / Gold Metallic / Core Black', 'Cloud White / Core Black / Cloud White', 'Dark Blue / Cloud White / Dark Blue', 'Core Black / Cloud White / Core Black', 'Core Black / Core Black / Core Black', 'Off White / Off White / Off White', 'Core Black / Core Black / Core Black', 'Olive Strata S23 / Olive Strata S23 / Olive Strata S23', 'Pink Fusion F23 / Pink Fusion F23 / Pink Fusion F23']",[],['Product code: IF7372'],['Reviews (10618)'],['4.5'],['41.3277'],['76.6034'],['85.0584']
31,"['6.5', '7', '8', '8.5']","['Off White / Supplier Colour / Shadow Red', 'Core Black / Core Black / Carbon', 'Cloud White / Cloud White / Crystal White', 'Pink Fusion / Lucid Pink / Cloud White', 'Grey Two / Lucid Lemon / Cloud White', 'Wonder Beige / Core Black / Off White', 'Orchid Fusion / Core Black / Silver Metallic', 'Shadow Violet F23 / Core Black / Off White']",[],['Product code: IE9533'],['Reviews (723)'],['4.7'],['55.3051'],['87.9681'],['89.1079']
32,"['5', '5.5', '8.5', '9', '9.5', '10.5', '11']","['Cloud White / Silver Metallic / Grey Two', 'Core Black / Grey Six / Super Pop', 'Core Black / Core Black / Gold Metallic']",[],['Product code: FW3264'],['Reviews (1425)'],['4.6'],['48.8053'],['82.8707'],['85.1053']
33,"['6', '7', '7.5', '8', '8.5', '9', '9.5', '10']","['Ecru Tint / Night Metallic / Solar Green', 'Beam Pink F22 / Cloud White / Solar Green', 'Bliss Orange / Silver Metallic / Bliss Lilac F22', 'Cloud White / Cloud White / Beam Pink F22', 'Cloud White / Silver Metallic / Cloud White', 'Core Black / Silver Dawn / Beam Pink', 'Halo Silver / Beam Pink / Silver Dawn']",[],['Product code: GW9095'],['Reviews (176)'],['4.6'],['46.733'],['83.9489'],['88.7784']
34,"['M 5 / W 6', 'M 5.5 / W 6.5', 'M 6 / W 7', 'M 6.5 / W 7.5', 'M 7 / W 8', 'M 7.5 / W 8.5', 'M 8 / W 9', 'M 8.5 / W 9.5', 'M 9 / W 10', 'M 9.5 / W 10.5', 'M 10 / W 11', 'M 10.5 / W 11.5', 'M 11 / W 12', 'M 11.5 / W 12.5', 'M 12 / W 13', 'M 12.5 / W 13.5', 'M 13 / W 14', 'M 13.5 / W 14.5']","['Cloud White / Cloud White / Cloud White', 'Cloud White / Core Black / Lucid Lemon', 'Bright Royal / Cloud White / Bliss Blue']",[],['Product code: GZ2606'],['Reviews (25)'],['4.7'],['55'],['82'],['86']
35,"['M 5.5 / W 6.5', 'M 6 / W 7', 'M 6.5 / W 7.5', 'M 7 / W 8', 'M 7.5 / W 8.5', 'M 8 / W 9', 'M 8.5 / W 9.5', 'M 9 / W 10', 'M 9.5 / W 10.5', 'M 10 / W 11', 'M 10.5 / W 11.5', 'M 11 / W 12', 'M 11.5 / W 12.5', 'M 12 / W 13', 'M 12.5 / W 13.5', 'M 13 / W 14', 'M 14 / W 15']","['Grey One / Core Black / Lucid Lemon F23', 'Wonder Beige F23 / Core Black / Solar Red']",[],['Product code: HP6885'],['Reviews (7)'],['4.3'],['53.5714'],['96.4286'],['71.4286']
36,"['5', '5.5', '6', '6.5', '7', '7.5', '8', '8.5', '9', '9.5', '10', '10.5', '11']","['Cloud White / Silver Metallic / Grey One', 'Bright Royal / Off White / Flash Aqua F23']",[],['Product code: IG9517'],['Reviews (16)'],['4.0'],['45.3125'],['67.1875'],['75']
37,"['8', '9', '10']","['Core Black / Core Black / Core Black', 'Cloud White / Cloud White / Cloud White', 'Light Flash Red / Light Flash Red / Light Flash Red']",[],['Product code: IE2436'],['Reviews (211)'],['4.0'],['72.0379'],['73.4597'],['83.5308']
38,"['5', '5.5', '6', '6.5', '7', '7.5', '8', '8.5', '9', '9.5', '10', '10.5', '11']","['Core Black / Grey Three / Red', 'Magic Lime S22 / Burgundy / Orbit Green F21', 'Core Black / Grey Three / Red', 'Burgundy / Orbit Green F21 / Turbo']",[],['Product code: HP9932'],['Reviews (3)'],['3.3'],['58.3333'],['91.6667'],['83.3333']
39,"['M 5 / W 6', 'M 6 / W 7', 'M 7 / W 8']","['Core Black / Cloud White / Core Black', 'Carbon / Core Black / Core Black']",[],['Product code: GX4285'],['Reviews (2564)'],['4.5'],['42.3272'],['84.6544'],['88.7968']
40,"['5', '5.5', '6', '6.5', '7', '7.5', '8', '8.5', '9', '9.5', '10', '11']","['Cream White / Clear Pink / Vivid Pink', 'Core Black / Cloud White / Grey Five', 'Magic Mauve S22 / Magic Mauve S22 / Burgundy']",[],['Product code: GV7971'],['Reviews (63)'],['4.4'],['52.7778'],['76.5873'],['81.746']
41,"['4.5', '5', '7', '8.5', '10']",[],['Cloud White / Cloud White / Clear Blue'],['Product code: IG5927'],['Reviews (34)'],['4.4'],['50'],['83.0882'],['88.2353']
42,"['M 5 / W 6', 'M 6 / W 7', 'M 6.5 / W 7.5', 'M 7 / W 8', 'M 7.5 / W 8.5', 'M 8 / W 9', 'M 8.5 / W 9.5', 'M 9 / W 10']",[],['Core Black / Utility Black / Deep Lilac'],['Product code: IE9214'],['Reviews (2)'],['4.0'],['50'],['62.5'],['75']
43,"['5', '5.5', '6', '6.5', '7', '7.5', '8', '8.5', '9', '9.5', '10', '10.5', '11']","['Core Black / Crystal White / Turbo', 'Blue Dawn S23 / Blue Fusion Met. S23 / Coral Fusion S23', 'Acid Orange S21 / Wonder White F21 / Silver Violet S23']",[],['Product code: HR1163'],['Reviews (7)'],['3.9'],['32.1429'],['67.8571'],['82.1429']
44,"['6', '6.5', '7', '7.5', '8', '8.5', '9']","['Cloud White / Cloud White / Cloud White', 'Cloud White / Core Black / Core Black', 'Wonder White / Core Black / Lucid Blue']",[],['Product code: H05108'],['Reviews (692)'],['4.7'],['53.7373'],['82.3295'],['91.2572']
45,"['6.5', '9', '9.5', '10', '10.5', '11', '11.5']","['Solar Orange / Taupe Met. / Acid Orange', 'Lucid Blue S23 / Violet Fusion S23 / Pulse Mint S22', 'Royal Blue / Off White / Bright Red', 'Arctic Fusion / Cloud White / Wonder Clay']",[],['Product code: HP7417'],['Reviews (146)'],['4.0'],['49.8276'],['64.1379'],['78.5959']
46,"['M 4 / W 5', 'M 5 / W 6', 'M 6 / W 7', 'M 7 / W 8', 'M 8 / W 9', 'M 9 / W 10', 'M 10 / W 11', 'M 11 / W 12']",[],[],['Product code: FZ6424'],['Reviews (5)'],['1.8'],['60'],['45'],['20']
47,"['M 9 / W 10', 'M 9.5 / W 10.5', 'M 10 / W 11', 'M 10.5 / W 11.5', 'M 11 / W 12', 'M 11.5 / W 12.5', 'M 12 / W 13', 'M 12.5 / W 13.5', 'M 13 / W 14', 'M 14 / W 15']","['Core Black / Cloud White / Team Colleg Gold 2', 'Team Dark Green / Cloud White / Collegiate Orange', 'Team Power Red 2 / Cloud White / Core Black', 'Core White / Silver Green S23 / Off White', 'Core White / Chalky Brown S22 / Off White', 'Shadow Navy / Court Green / Dash Grey', 'Cloud White / Cloud White / Cloud White', 'Collegiate Purple / Preloved Yellow F23 / Aluminium', 'Crew Blue S21 / Grey Six / Off White', 'Wonder Silver / Core Black / Off White', 'Wonder Beige / Clay / Off White', 'Grey / Off White / Wonder Beige F23', 'Cloud White / Off White / Acid Orange', 'Cloud White / Semi Lucid Blue / Clear Sky', 'Team Maroon 2 / Cloud White / Stone', 'Regal Purple / Cloud White / Team Sand']",[],['Product code: IE7700'],['Reviews (164)'],['4.5'],['49.6951'],['79.1159'],['87.8049']
48,"['5', '5.5', '6', '6.5', '7', '7.5', '8', '8.5', '9', '9.5', '10', '10.5', '11']",[],['Core Black / Crystal White / Hazy Emerald S21'],['Product code: FW4204'],['Reviews (1)'],['5.0'],['50'],['100'],['75']
49,"['5.5', '6', '6.5', '7', '7.5']","['Crystal White / Better Scarlet S23 / Cream White', 'Easy Yellow / Cream White / Talc']",[],['Product code: GW2181'],['Reviews (12)'],['4.9'],['56.25'],['95.8333'],['95.8333']
50,"['M 6.5 / W 7.5', 'M 7 / W 8', 'M 7.5 / W 8.5', 'M 8 / W 9', 'M 8.5 / W 9.5', 'M 9 / W 10', 'M 9.5 / W 10.5', 'M 10 / W 11', 'M 10.5 / W 11.5']","['Core Black / Cloud White / Core Black', 'Ginger / Cloud White / Ginger', 'Cloud White / Core Black / Cloud White']",[],['Product code: IG2441'],['Reviews (41)'],['4.5'],['59.1463'],['89.0244'],['90.2439']
51,"['7', '7.5', '8', '8.5', '9', '9.5', '10']","['Grey One / Off White / Blue Dawn', 'Off White / Wonder Taupe S23 / Beam Orange F22', 'Wonder Quartz S23 / Wonder White F21 / Off White', 'Linen Green F22 / Dark Green / Earth Strata S23']",[],['Product code: HQ4303'],['Reviews (20)'],['4.0'],['55'],['83.75'],['83.75']
52,"['8.5', '9', '9.5', '10', '10.5']","['Solar Lime / Green Spark / Chalk Pearl', 'Gobi / Utility Black / Purple Glow', 'Active Red / Grey Four / Crew Yellow', 'Utility Black / Purple Glow / Grey Four']",[],['Product code: IG0146'],['Reviews (3)'],['4.7'],['50'],['100'],['100']
53,"['7', '8', '10.5']","['Core Black / Off White / Grey Six', 'Core Black / Core Black / Solar Pink', 'Cloud White / Cloud White / Silver Metallic', 'Core Black / Core Black / Cloud White', 'Mineral Green / Mineral Green / Mineral Green', 'Bright Orange / Bright Orange / Core Black', 'Bliss / Bliss / Tech Emerald', 'Crystal White / Crystal White / Silver Metallic', 'Core Black / Core Black / Core Black', 'Wonder White F21 / Wonder White F21 / Purple Tint', 'Core Black / Core Black / Cloud White', 'Cloud White / Cloud White / Core Black', 'Grey One / Bliss Pink F22 / Cloud White', 'Grey Four / Almost Blue F22 / Cloud White', 'Bliss / Bliss Pink F22 / Cloud White', 'Shadow Maroon F22 / Shadow Maroon F22 / Cloud White', 'Cloud White / Magic Grey S22 / Legend Ink', 'Linen Green F22 / Mineral Green / Cloud White', 'Core Black / Core Black / Wild Brown S21', 'Orbit Green F21 / Orbit Green F21 / Gold Metallic', 'Feather Grey / Feather Grey / Violet Tone F21', 'Halo Blush / Halo Blush / Cloud White', 'Cloud White / Hi-Res Green / Real Magenta', 'Ecru Tint / Ecru Tint / Impact Yellow', 'Cloud White / Almost Blue F22 / Vivid Red S21', 'Shadow Red / Beam Orange F22 / Core Black', 'Off White / Blue Fusion S23 / Core Black', 'Cloud White / Cloud White / Bliss Orange', 'Impact Orange F22 / Impact Orange F22 / Impact Orange F22', 'Legacy Burgundy S22 / Legacy Burgundy S22 / Legacy Burgundy S22', 'Beam Yellow / Beam Yellow / Core Black', 'Core Black / Cloud White / Blue Dawn S23', 'Wonder White F21 / Wonder White F21 / Cloud White', 'Dark Green / Core Black / Cloud White', 'Magic Beige / Magic Beige / Ecru Tint', 'Clear Pink / Clear Pink / Cloud White', 'Wonder White / Wonder White / Wonder Taupe', 'Shadow Red / Shadow Red / Pink Strata', 'Wonder Taupe / Aluminium / Clear Pink', 'Cloud White / Wonder Quartz / Wonder Quartz', 'Core Black / Cloud White / Grey Two', 'Off White / Preloved Blue / Halo Blush', 'Grey Five / Cloud White / Carbon', 'Wonder White / Wonder Beige / Supplier Colour', 'Cloud White / Core Black / Solar Yellow', 'Core Black / Core Black / Pulse Yellow', 'Beam Orange F22 / Beam Orange F22 / Cream White', 'Clay Strata / Off White / Off White', 'Wonder Quartz / Off White / Off White', 'Wonder Beige / Off White / Off White']",[],['Product code: GY1321'],['Reviews (3751)'],['4.4'],['59.8012'],['78.8297'],['85.9837']
54,"['M 5 / W 6', 'M 6.5 / W 7.5', 'M 7 / W 8', 'M 7.5 / W 8.5', 'M 8 / W 9', 'M 8.5 / W 9.5', 'M 9 / W 10', 'M 9.5 / W 10.5', 'M 10 / W 11', 'M 10.5 / W 11.5', 'M 11 / W 12', 'M 11.5 / W 12.5', 'M 12 / W 13', 'M 12.5 / W 13.5']","['Black / Black / Black', 'Unity Ink / Lush Red / Off White', 'Noble Purple / Black / Off White']",[],['Product code: IG0811'],['Reviews (63)'],['4.6'],['55.1587'],['82.1429'],['86.1111']
55,"['5', '5.5', '6', '6.5', '7', '7.5', '8', '8.5', '9', '9.5', '10', '10.5', '11']","['Bliss Lilac F22 / Beam Orange F22 / Pulse Magenta F22', 'Core Black / Core Black / Grey Six', 'Wonder Steel F22 / Grey Three / Purple', 'Trace Grey / Crystal White / Impact Orange F22', 'Core Black / Core Black / Grey Six', 'Wonder Taupe S23 / Taupe Met. S23 / Impact Orange F22', 'Acid Orange S21 / Sand Strata S23 / Silver Violet S23', 'Silver Dawn S23 / Blue Dawn S23 / Silver Violet S23', 'Wonder Silver F23 / Wonder Silver F23 / Lucid Lemon F23']",[],['Product code: GZ0687'],['Reviews (50)'],['4.5'],['46'],['82.5'],['88.5']
56,['5.5'],"['Shadow Brown / Shadow Brown / Gum', 'Core Black / Iron Metallic / Core Black', 'Cloud White / Cloud White / Core Black', 'Halo Silver S21 / Orbit Grey / Grey Two', 'Cloud White / Chalk White / Zero Metalic', 'Core Black / Cloud White / Grey Six', 'Core Black / Core Black / Pulse Lime S22', 'Shadow Olive S22 / Olive Strata S23 / Gold Metallic', 'Off White / Bliss Lilac F22 / Wonder Blue F23', 'Core Black / Silver Metallic / Wonder Blue F23', 'Grey Two / Cloud White / Silver Metallic', 'Off White / Bright Red / Pulse Lime', 'Charcoal Solid Grey / Silver Metallic / Bliss Lilac F22', 'Cloud White / Gold Metallic / Wonder White F21', 'Cloud White / Putty Mauve S24 / Cloud White']",[],['Product code: IG7375'],['Reviews (364)'],['4.3'],['50.0687'],['79.8764'],['82.967']
57,['M 13 / W 14'],"['Olive Strata S23 / Silver Pebble S23 / Pulse Lime S22', 'Cloud White / Grey Two / Acid Orange S21', 'Cloud White / Cloud White / Cloud White', 'Off White / Off White / Wonder Beige F23', 'Core Black / Core Black / Grey Six']",[],['Product code: IE9416'],['Reviews (168)'],['4.6'],['53.2738'],['84.6726'],['89.2857']
58,"['M 13 / W 14', 'M 14 / W 15']","['Pulse Mint / Core Black / Lucid Blue', 'Cloud White / Core Black / Green Spark']",[],['Product code: GV9068'],['Reviews (36)'],['4.6'],['53.4722'],['90.2778'],['86.1111']
59,"['M 5 / W 6', 'M 5.5 / W 6.5', 'M 6.5 / W 7.5', 'M 7 / W 8', 'M 7.5 / W 8.5', 'M 8 / W 9', 'M 8.5 / W 9.5', 'M 9 / W 10', 'M 9.5 / W 10.5', 'M 10 / W 11', 'M 10.5 / W 11.5', 'M 11 / W 12', 'M 11.5 / W 12.5', 'M 12 / W 13', 'M 13 / W 14', 'M 13.5 / W 14.5']","['Cloud White / Cloud White / Cloud White', 'Cloud White / Core Black / Lucid Lemon', 'Bright Royal / Cloud White / Bliss Blue']",[],['Product code: GZ2604'],['Reviews (25)'],['4.7'],['55'],['82'],['86']
60,[],"['Shadow Brown / Shadow Brown / Gum', 'Core Black / Iron Metallic / Core Black', 'Cloud White / Cloud White / Core Black', 'Halo Silver S21 / Orbit Grey / Grey Two', 'Cloud White / Chalk White / Zero Metalic', 'Core Black / Cloud White / Grey Six', 'Core Black / Core Black / Pulse Lime S22', 'Shadow Olive S22 / Olive Strata S23 / Gold Metallic', 'Off White / Bliss Lilac F22 / Wonder Blue F23', 'Core Black / Silver Metallic / Wonder Blue F23', 'Grey Two / Cloud White / Silver Metallic', 'Off White / Bright Red / Pulse Lime', 'Charcoal Solid Grey / Silver Metallic / Bliss Lilac F22', 'Cloud White / Gold Metallic / Wonder White F21', 'Cloud White / Putty Mauve S24 / Cloud White']",[],['Product code: ID1965'],[],[],[],[],[]
61,"['5', '5.5', '6', '6.5', '7', '7.5', '8', '8.5', '9', '9.5', '10', '10.5', '11']",[],['Core Black / Core Black / Cloud White'],['Product code: FW2856'],['Reviews (3)'],['3.7'],['25'],['75'],['91.6667']
62,"['5.5', '6', '6.5', '7', '7.5', '8', '8.5', '9', '9.5', '10']","['Core Black / Core Black / Cloud White', 'Cloud White / Cloud White / Silver Metallic', 'Core Black / Silver Dawn S23 / Silver Metallic']",[],['Product code: HQ8954'],['Reviews (958)'],['4.8'],['49.8423'],['90.3523'],['92.9019']
63,"['M 7 / W 8', 'M 7.5 / W 8.5', 'M 8 / W 9', 'M 8.5 / W 9.5', 'M 9 / W 10', 'M 9.5 / W 10.5', 'M 10 / W 11', 'M 10.5 / W 11.5', 'M 11 / W 12', 'M 11.5 / W 12.5', 'M 12 / W 13', 'M 13 / W 14']","['Collegiate Green / Cloud White / Bold Gold', 'Cloud White / Cloud White / Gold Metallic', 'Crew Blue S21 / Preloved Red S23 / Dark Blue', 'Core Black / Core Black / Gold Metallic', 'Collegiate Burgundy / Cloud White / Collegiate Navy', 'Cloud White / Better Scarlet S23 / Cloud White', 'Cloud White / Blue / Cloud White', 'Cloud White / Green / Cloud White', 'Grey Four / Grey Four / Core Black', 'Cloud White / Core Black / Gold Metallic', 'Shadow Olive / Shadow Olive / Core Black', 'Core Black / Cloud White / Gold Metallic']",[],['Product code: ID8379'],['Reviews (157)'],['4.8'],['53.8217'],['81.8471'],['92.5159']
64,"['5.5', '6', '6.5', '7', '7.5', '8', '8.5', '9', '9.5', '10', '10.5']",[],['Core Black / Grey Five / Grey One'],['Product code: HQ3556'],['Reviews (54)'],['4.3'],['41.2037'],['80.5556'],['88.8889']
65,"['M 6 / W 7', 'M 8 / W 9', 'M 9 / W 10', 'M 10 / W 11', 'M 10.5 / W 11.5', 'M 11.5 / W 12.5', 'M 12 / W 13', 'M 12.5 / W 13.5', 'M 14 / W 15']",[],['Core Black / Dark Silver Metallic / Grey Five'],['Product code: GW2119'],['Reviews (28)'],['4.3'],['47.3214'],['83.0357'],['88.3929']
66,"['M 8.5 / W 9.5', 'M 9 / W 10', 'M 9.5 / W 10.5', 'M 10 / W 11', 'M 10.5 / W 11.5', 'M 11 / W 12', 'M 11.5 / W 12.5', 'M 12 / W 13', 'M 13 / W 14']","['Grey Three / Core Black / Grey Five', 'Cloud White / Grey One / Beam Orange', 'Aluminium / Olive Strata / Magic Beige', 'Grey One / Cloud White / Trace Grey', 'Sand Strata / Earth Strata / Shadow Red', 'Earth Strata / Core Black / Collegiate Green', 'Crystal White / Grey One / Grey Four', 'Core Black / Carbon / Grey Three', 'Magic Beige / Off White / Gum', 'Grey Five / Grey One / Beam Orange F22', 'Core Black / Silver Metallic / Trace Grey', 'Aluminium / Magic Beige F22 / Simple Brown', 'Almost Yellow F22 / Clear Blue / Shadow Olive S22']",[],['Product code: HQ9118'],['Reviews (9)'],['4.6'],['58.3333'],['94.4444'],['97.2222']
67,"['M 10 / W 11', 'M 10.5 / W 11.5', 'M 11 / W 12', 'M 11.5 / W 12.5', 'M 12 / W 13', 'M 12.5 / W 13.5', 'M 13 / W 14', 'M 14 / W 15']","['Wonder Steel F22 / Cloud White / Cloud White', 'Cloud White / Cloud White / Core Black', 'Core Black / Cloud White / Core Black', 'Cloud White / Team Navy Blue 2 / Better Scarlet S23', 'Team Navy Blue 2 / Better Scarlet S23 / Cloud White', 'Lucid Blue S23 / Off White / Pulse Mint S22', 'Grey One / Off White / Lucid Fuchsia S23']",[],['Product code: HQ6708'],['Reviews (565)'],['4.4'],['47.8242'],['74.3339'],['85.1327']
68,['5'],"['Cloud White / Cloud White / Violet Fusion S23', 'Silver Dawn / Silver Dawn / Silver Violet', 'Core Black / Core Black / Beam Pink F22', 'Grey One / Grey Three / Cloud White', 'Core Black / Core Black / Cloud White', 'Cloud White / Cloud White / Cloud White', 'Off White / Off White / Silver Metallic', 'Light Solid Grey / Silver Dawn / Solar Red', 'Cloud White / Zero Metalic / Lucid Pink', 'Arctic Night / Arctic Night / Lucid Pink', 'Silver Dawn / Silver Dawn / Almost Pink', 'Pink Fusion / Pink Fusion / Gold Metallic', 'Off White / Off White / Gold Metallic', 'Off White / Crew Blue / Bliss Lilac', 'Carbon / Carbon / Bright Red', 'Shadow Red / Shadow Red / Core Black', 'Magic Beige / Magic Beige / Off White', 'Wonder Beige / Wonder Beige / Wonder White', 'Cloud White / Cloud White / Silver Metallic', 'Wonder Beige / Wonder Taupe / Impact Orange', 'Grey Five / Grey Five / Pink Fusion', 'Off White / Off White / Wonder Quartz']",[],['Product code: ID9632'],['Reviews (468)'],['4.6'],['50'],['84.3483'],['90.6517']
69,"['5.5', '6', '6.5', '7', '7.5', '8', '8.5', '9', '9.5', '10', '10.5', '11']","['Halo Blue / Blue Dawn / Solar Red', 'Carbon / Off White / Screaming Orange', 'Wonder Quartz / Bright Royal / Wonder Clay', 'Silver Dawn / Shadow Navy / Coral Fusion', 'Shadow Violet F23 / Silver Violet S23 / Carbon', 'Core Black / Core Black / Grey Six', 'Dash Grey / Cloud White / Silver Metallic', 'Cloud White / Grey Four / Better Scarlet S23', 'Grey Five / Grey Five / Bliss Lilac', 'Off White / Cloud White / Linen Green', 'Core White / Wonder Quartz / Bliss Orange']",[],['Product code: ID9585'],['Reviews (158)'],['4.4'],['62.9747'],['87.0253'],['88.9241']
70,"['6', '6.5', '11']","['Core Black / Matt Purple Met. F22 / Almost Pink S22', 'Core Black / Pulse Magenta F22 / Pulse Blue', 'Crew Navy S21 / Iron Metallic / Halo Blush F21', 'Core Black / Cloud White / Carbon', 'Core Black / Core Black / Cloud White', 'Cloud White / Cloud White / Core Black', 'Wonder Quartz / Wonder Quartz / Almost Pink', 'Silver Dawn / Silver Dawn / Silver Violet']",[],['Product code: H04755'],['Reviews (2764)'],['4.5'],['48.7033'],['83.3515'],['85.0308']
71,"['M 7.5 / W 8.5', 'M 11 / W 12', 'M 11.5 / W 12.5', 'M 12 / W 13']",[],['Core Black / Core Black / Core Black'],['Product code: GZ5050'],['Reviews (106)'],['4.6'],['42.9245'],['78.066'],['87.5']
72,"['6', '6.5', '7', '7.5', '8', '8.5', '9', '9.5', '10', '11']","['Shadow Violet F23 / Off White / Wonder Orchid F23', 'Silver Metallic / Better Scarlet S23 / Core Black']",[],['Product code: IE9339'],['Reviews (3)'],['4.7'],['50'],['83.3333'],['83.3333']
73,"['5', '5.5', '6', '6.5', '7', '7.5', '8', '8.5', '9', '9.5', '10', '11', '13']","['Cloud White / Silver Metallic / Silver Metallic', 'Core Black / Silver Metallic / Silver Metallic', 'Cloud White / Royal Blue / Silver Metallic', 'Cloud White / Team Power Red / Grey One']",[],['Product code: FY4387'],['Reviews (9)'],['4.2'],['44.4444'],['80.5556'],['83.3333']
74,"['5.5', '6', '6.5', '7', '7.5', '8', '8.5', '9', '9.5', '10']","['Core Black / Turbo / Blue Rush S22', 'Core Black / Dash Grey / Cloud White', 'Blue Dawn S23 / Blue Fusion S23 / Coral Fusion S23', 'Sand Strata S23 / Silver Violet S23 / Wonder Taupe S23']",[],['Product code: HR1142'],['Reviews (1)'],['5.0'],['50'],['100'],['100']
75,"['5.5', '6.5', '7', '7.5', '8', '8.5', '9', '9.5', '10', '10.5', '11']","['Core Black / Acid Mint / Core Black', 'Sand / Wild Teal S21 / Sand', 'Wonder Taupe S23 / Cloud White / Acid Orange S21']",[],['Product code: FX4449'],['Reviews (6)'],['3.8'],['29.1667'],['66.6667'],['95.8333']
76,"['7', '8', '8.5', '9']","['Cloud White / Off White / Coral Fusion', 'Blue Fusion / Off White / Cloud White']",[],['Product code: HQ4465'],[],[],[],[],[]
77,"['5.5', '6.5', '8', '8.5', '9', '9.5', '10', '11']","['Grey Two / Silver Metallic / Light Purple', 'Wonder Mauve / Wonder Mauve / Magic Grey S22', 'Core Black / Core Black / Mint Rush S22', 'Ecru Tint / Magic Beige F22 / Linen Green F22', 'Cloud White / Cloud White / Almost Lime S22']",[],['Product code: GZ3281'],['Reviews (67)'],['4.4'],['51.8657'],['88.4328'],['90.2985']
78,"['6.5', '7', '8', '8.5']",[],['Mystery Ink / Crew Yellow S21 / Gum'],['Product code: ID9610'],['Reviews (2)'],['5.0'],['50'],['100'],['100']
79,"['9', '9.5', '10', '10.5', '11', '11.5', '12']",[],['Cloud White / Crystal White / Zero Metalic'],['Product code: IE9310'],['Reviews (1)'],['5.0'],['50'],['75'],['100']
80,['M 13 / W 14'],"['Core Black / Cloud White / Cloud White', 'Core Black / Core Black / Cloud White', 'Core Black / Cloud White / Grey Two', 'Core Black / Cloud White / Cloud White', 'Core Black / Carbon / Core Black', 'Cloud White / Grey Two / Cloud White', 'Core Black / Core Black / Cloud White', 'Core Black / Cloud White / Core Black', 'Core Black / Gold Metallic / Core Black', 'Core Black / Cloud White / Core Black', 'Legend Ink / Cloud White / Legend Ink', 'Cloud White / Core Black / Core Black', 'Cloud White / Core Black / Grey Three', 'Core Black / Core Black / Core Black', 'Shadow Navy S22 / Cloud White / Shadow Navy S22', 'Core Black / Preloved Yellow / Core Black', 'Shadow Navy / Preloved Yellow / Shadow Navy']",[],['Product code: H03616'],['Reviews (11561)'],['4.7'],['51.9702'],['89.5908'],['88.7856']
81,"['6', '8']","['Core Black / Matt Purple Met. F22 / Almost Pink S22', 'Core Black / Pulse Magenta F22 / Pulse Blue', 'Crew Navy S21 / Iron Metallic / Halo Blush F21', 'Core Black / Cloud White / Carbon', 'Core Black / Core Black / Cloud White', 'Cloud White / Cloud White / Core Black', 'Wonder Quartz / Wonder Quartz / Almost Pink', 'Silver Dawn / Silver Dawn / Silver Violet']",[],['Product code: H04756'],['Reviews (2764)'],['4.5'],['48.7033'],['83.3515'],['85.0308']
82,"['6.5', '7', '8', '8.5']",[],['Mystery Ink / Crew Yellow S21 / Gum'],['Product code: ID9610'],['Reviews (2)'],['5.0'],['50'],['100'],['100']
83,"['9', '9.5', '10', '10.5', '11', '11.5', '12']",[],['Cloud White / Crystal White / Zero Metalic'],['Product code: IE9310'],['Reviews (1)'],['5.0'],['50'],['75'],['100']
84,['M 13 / W 14'],"['Core Black / Cloud White / Cloud White', 'Core Black / Core Black / Cloud White', 'Core Black / Cloud White / Grey Two', 'Core Black / Cloud White / Cloud White', 'Core Black / Carbon / Core Black', 'Cloud White / Grey Two / Cloud White', 'Core Black / Core Black / Cloud White', 'Core Black / Cloud White / Core Black', 'Core Black / Gold Metallic / Core Black', 'Core Black / Cloud White / Core Black', 'Legend Ink / Cloud White / Legend Ink', 'Cloud White / Core Black / Core Black', 'Cloud White / Core Black / Grey Three', 'Core Black / Core Black / Core Black', 'Shadow Navy S22 / Cloud White / Shadow Navy S22', 'Core Black / Preloved Yellow / Core Black', 'Shadow Navy / Preloved Yellow / Shadow Navy']",[],['Product code: H03616'],['Reviews (11561)'],['4.7'],['51.9702'],['89.5908'],['88.7856']
85,"['6', '8']","['Core Black / Matt Purple Met. F22 / Almost Pink S22', 'Core Black / Pulse Magenta F22 / Pulse Blue', 'Crew Navy S21 / Iron Metallic / Halo Blush F21', 'Core Black / Cloud White / Carbon', 'Core Black / Core Black / Cloud White', 'Cloud White / Cloud White / Core Black', 'Wonder Quartz / Wonder Quartz / Almost Pink', 'Silver Dawn / Silver Dawn / Silver Violet']",[],['Product code: H04756'],['Reviews (2764)'],['4.5'],['48.7033'],['83.3515'],['85.0308']
86,"['M 5.5 / W 6.5', 'M 6 / W 7', 'M 7 / W 8', 'M 7.5 / W 8.5', 'M 8 / W 9', 'M 9 / W 10', 'M 10 / W 11']","['Grey Two / Arctic Night F23 / Lucid Lemon F23', 'Crystal Jade S24 / Aurora Met. S24 / Green Spark S24']",[],['Product code: HP6846'],['Reviews (118)'],['4.6'],['47.2458'],['76.9068'],['89.4068']
87,"['M 5 / W 6', 'M 6 / W 7', 'M 6.5 / W 7.5', 'M 11 / W 12', 'M 11.5 / W 12.5', 'M 12 / W 13', 'M 13 / W 14']","['Crystal White / Cloud White / Cloud White', 'Core Black / Cloud White / Cloud White', 'Shadow Red / Cloud White / Better Scarlet S23', 'Wonder Taupe / Cloud White / Lucid Blue', 'Core Black / Carbon / Core Black']",[],['Product code: HP5993'],['Reviews (3)'],['5.0'],['50'],['100'],['100']
88,"['7', '8', '8.5', '9', '9.5', '10', '10.5', '11']","['Cloud White / Silver Metallic / Pulse Mint S22', 'Cloud White / Silver Metallic / Preloved Blue S23', 'Grey One / Aurora Met. S24 / Preloved Fig S24', 'Core Black / Silver Metallic / Cloud White']",[],['Product code: HP5273'],['Reviews (88)'],['4.2'],['45.7386'],['71.5909'],['78.4091']
89,"['5.5', '6', '6.5', '7', '7.5', '8', '8.5', '9', '9.5', '10']","['Blue Dawn S23 / Blue Fusion S23 / Coral Fusion S23', 'Sand Strata S23 / Silver Violet S23 / Core Black']",[],['Product code: HP6179'],['Reviews (5)'],['4.0'],['60'],['75'],['85']
90,"['5', '5.5', '6', '6.5', '7', '7.5', '8', '8.5', '9', '9.5', '10', '10.5', '11', '12']",[],['Core Black / Crew Red S21 / Acid Mint'],['Product code: FW2874'],['Reviews (6)'],['3.5'],['25'],['37.5'],['83.3333']
91,"['8', '9', '10', '11']","['Core Black / Cloud White / Core Black', 'Pink Fusion F23 / Lucid Pink F23 / Bright Red', 'Dash Grey / Cloud White / Crystal White']",[],['Product code: IF7365'],['Reviews (172)'],['4.2'],['70.2035'],['86.4826'],['86.4826']
92,"['5.5', '7.5']","['Core Black / Lucid Pink / Bright Red', 'Cloud White / Dash Grey / Lucid Lemon', 'Core Black / Carbon / Cloud White', 'Cloud White / Cloud White / Cloud White', 'Carbon / Core Black / Grey Five', 'Wonder Quartz / Cloud White / Core Black']",[],['Product code: IE2347'],['Reviews (120)'],['4.4'],['54.7917'],['78.5417'],['84.375']
93,"['6', '6.5', '7', '7.5', '8', '8.5', '9', '9.5', '10']","['Cloud White / Cloud White / Linen Green', 'Cloud White / Cloud White / Wonder Blue', 'Core Black / Core Black / Pink Fusion', 'Bliss Lilac / Bliss Lilac / Violet Fusion', 'Pink Fusion / Pink Fusion / Royal Blue', 'Shadow Red / Shadow Red / Wonder Clay']",[],['Product code: IG0648'],['Reviews (42)'],['4.1'],['68.4524'],['79.7619'],['83.3333']
94,"['5', '5.5', '6', '6.5', '7', '7.5', '8', '8.5', '9', '9.5', '10', '10.5', '11']","['Cloud White / Silver Metallic / Silver Metallic', 'Core Black / Silver Metallic / Silver Metallic', 'Cloud White / Royal Blue / Silver Metallic', 'Cloud White / Team Power Red / Grey One']",[],['Product code: H00984'],['Reviews (9)'],['4.2'],['44.4444'],['80.5556'],['83.3333']
95,"['M 11.5 / W 12.5', 'M 12 / W 13']","['Beam Pink F22 / Core Black / Coral Fusion S23', 'Core Black / Core Black / Carbon', 'Cloud White / Core Black / Solar Yellow']",[],['Product code: GV9063'],['Reviews (264)'],['4.7'],['52.5568'],['85.6061'],['91.7614']
96,"['5', '5.5', '6', '7.5', '10.5']","['Core Black / Off White / Grey Six', 'Core Black / Core Black / Solar Pink', 'Cloud White / Cloud White / Silver Metallic', 'Core Black / Core Black / Cloud White', 'Mineral Green / Mineral Green / Mineral Green', 'Bright Orange / Bright Orange / Core Black', 'Bliss / Bliss / Tech Emerald', 'Crystal White / Crystal White / Silver Metallic', 'Core Black / Core Black / Core Black', 'Wonder White F21 / Wonder White F21 / Purple Tint', 'Core Black / Core Black / Cloud White', 'Cloud White / Cloud White / Core Black', 'Grey One / Bliss Pink F22 / Cloud White', 'Grey Four / Almost Blue F22 / Cloud White', 'Bliss / Bliss Pink F22 / Cloud White', 'Shadow Maroon F22 / Shadow Maroon F22 / Cloud White', 'Cloud White / Magic Grey S22 / Legend Ink', 'Linen Green F22 / Mineral Green / Cloud White', 'Core Black / Core Black / Wild Brown S21', 'Orbit Green F21 / Orbit Green F21 / Gold Metallic', 'Feather Grey / Feather Grey / Violet Tone F21', 'Halo Blush / Halo Blush / Cloud White', 'Cloud White / Hi-Res Green / Real Magenta', 'Ecru Tint / Ecru Tint / Impact Yellow', 'Cloud White / Almost Blue F22 / Vivid Red S21', 'Shadow Red / Beam Orange F22 / Core Black', 'Off White / Blue Fusion S23 / Core Black', 'Cloud White / Cloud White / Bliss Orange', 'Impact Orange F22 / Impact Orange F22 / Impact Orange F22', 'Legacy Burgundy S22 / Legacy Burgundy S22 / Legacy Burgundy S22', 'Beam Yellow / Beam Yellow / Core Black', 'Core Black / Cloud White / Blue Dawn S23', 'Wonder White F21 / Wonder White F21 / Cloud White', 'Dark Green / Core Black / Cloud White', 'Magic Beige / Magic Beige / Ecru Tint', 'Clear Pink / Clear Pink / Cloud White', 'Wonder White / Wonder White / Wonder Taupe', 'Shadow Red / Shadow Red / Pink Strata', 'Wonder Taupe / Aluminium / Clear Pink', 'Cloud White / Wonder Quartz / Wonder Quartz', 'Core Black / Cloud White / Grey Two', 'Off White / Preloved Blue / Halo Blush', 'Grey Five / Cloud White / Carbon', 'Wonder White / Wonder Beige / Supplier Colour', 'Cloud White / Core Black / Solar Yellow', 'Core Black / Core Black / Pulse Yellow', 'Beam Orange F22 / Beam Orange F22 / Cream White', 'Clay Strata / Off White / Off White', 'Wonder Quartz / Off White / Off White', 'Wonder Beige / Off White / Off White']",[],['Product code: GW5682'],['Reviews (3751)'],['4.4'],['59.8012'],['78.8297'],['85.9837']
97,"['M 6.5 / W 7.5', 'M 7 / W 8', 'M 7.5 / W 8.5', 'M 8 / W 9', 'M 8.5 / W 9.5', 'M 9 / W 10', 'M 9.5 / W 10.5', 'M 10 / W 11']","['Core Black / Cloud White / Core Black', 'Ginger / Cloud White / Ginger', 'Cloud White / Core Black / Cloud White']",[],['Product code: HQ8636'],['Reviews (41)'],['4.5'],['59.1463'],['89.0244'],['90.2439']
98,"['9.5', '10']","['Off White / Wonder Taupe / Pink Strata', 'Grey Two / Grey Three / Blue Dawn S23', 'Core Black / Grey Three / Grey Five', 'Core Black / Cloud White / Aluminium', 'Cloud White / Magic Beige F22 / Ecru Tint', 'Cloud White / Grey One / Silver Metallic', 'Feather Grey / Grey Two / Sandy Beige Met.', 'Sand / Chalky Brown S22 / Wonder White F21', 'Shadow Red / Super Pop / Beam Orange F22', 'Off White / Beam Orange / Super Pop']",[],['Product code: HQ4275'],['Reviews (269)'],['4.2'],['56.6914'],['75.9294'],['82.2491']
99,"['5.5', '6', '6.5', '7', '7.5', '8', '8.5', '9', '9.5', '10', '11']","['Pulse Mint S22 / Silver Metallic / Core Black', 'Cloud White / Core Black / Grey Three', 'White Tint / Court Green S23 / Blue Dawn S23']",[],['Product code: HQ3692'],['Reviews (109)'],['3.7'],['51.6055'],['71.1009'],['64.9083']
100,"['M 7.5 / W 8.5', 'M 8 / W 9', 'M 8.5 / W 9.5', 'M 9 / W 10', 'M 9.5 / W 10.5', 'M 10 / W 11', 'M 10.5 / W 11.5', 'M 11 / W 12', 'M 11.5 / W 12.5', 'M 12 / W 13', 'M 12.5 / W 13.5', 'M 13 / W 14', 'M 14 / W 15']","['Core Black / Cloud White / Cloud White', 'Cloud White / Lucid Blue S23 / Better Scarlet S23', 'Arctic Fusion F23 / Cloud White / Lucid Lemon F23', 'Cloud White / Core Black / Off White', 'Chalk White / Wonder Clay F23 / Cloud White']",[],['Product code: IE7589'],['Reviews (39)'],['4.7'],['51.2821'],['78.8462'],['94.2308']
101,"['5', '5.5', '6', '6.5', '7', '7.5', '8', '8.5', '9', '9.5', '10', '10.5', '11']",[],['Core Black / Crystal White / Hazy Emerald S21'],['Product code: FW4206'],['Reviews (4)'],['4.3'],['56.25'],['100'],['68.75']
102,"['M 6 / W 7', 'M 8 / W 9', 'M 8.5 / W 9.5', 'M 9 / W 10', 'M 9.5 / W 10.5', 'M 10 / W 11', 'M 10.5 / W 11.5', 'M 11 / W 12', 'M 11.5 / W 12.5', 'M 12 / W 13', 'M 12.5 / W 13.5', 'M 13 / W 14', 'M 14 / W 15', 'M 15 / W 16']","['Wonder Beige / Wonder Beige / Semi Impact Orange', 'Wonder Silver / Wonder Silver / Lucid Lemon']",[],['Product code: HQ8914'],['Reviews (14)'],['4.9'],['55.3571'],['92.8571'],['92.8571']
103,"['5.5', '6', '6.5', '7', '7.5', '8', '8.5', '9', '9.5']","['Core Black / Grey Three / Grey Four', 'Silver Violet / Blue Dawn / Coral Fusion']",[],['Product code: HQ1238'],['Reviews (25)'],['4.3'],['51'],['74'],['82']
104,"['9', '9.5']","['Cloud White / Cloud White / Core Black', 'Cloud White / Core Black / Cloud White', 'Core Black / Cloud White / Cloud White']",[],['Product code: HQ9019'],['Reviews (29)'],['4.7'],['56.0345'],['87.069'],['91.3793']
105,"['5', '5.5', '6', '6.5', '7', '7.5', '8', '8.5', '9', '9.5', '10', '10.5', '11']","['Cloud White / Silver Metallic / Silver Metallic', 'Core Black / Silver Metallic / Silver Metallic', 'Cloud White / Royal Blue / Silver Metallic', 'Cloud White / Team Power Red / Grey One']",[],['Product code: H00985'],['Reviews (9)'],['4.2'],['44.4444'],['80.5556'],['83.3333']
106,"['M 5 / W 6', 'M 5.5 / W 6.5', 'M 6 / W 7', 'M 6.5 / W 7.5', 'M 7 / W 8', 'M 7.5 / W 8.5', 'M 8 / W 9', 'M 8.5 / W 9.5', 'M 9 / W 10', 'M 9.5 / W 10.5', 'M 10 / W 11', 'M 10.5 / W 11.5', 'M 11 / W 12', 'M 11.5 / W 12.5', 'M 12 / W 13', 'M 12.5 / W 13.5', 'M 13 / W 14', 'M 14 / W 15']","['Core Black / Cloud White / Carbon', 'Sand Strata S23 / Silver Metallic / Screaming Orange S21', 'Core Black / Cloud White / Lucid Lemon', 'Cloud White / Core Black / Grey One']",[],['Product code: HQ6716'],['Reviews (15)'],['4.1'],['33.3333'],['70'],['73.3333']
107,"['M 6 / W 7', 'M 7 / W 8', 'M 7.5 / W 8.5', 'M 8 / W 9', 'M 8.5 / W 9.5', 'M 9 / W 10', 'M 9.5 / W 10.5', 'M 10 / W 11', 'M 10.5 / W 11.5', 'M 11 / W 12', 'M 11.5 / W 12.5', 'M 12 / W 13', 'M 12.5 / W 13.5', 'M 13 / W 14', 'M 14 / W 15']","['Collegiate Navy / Shadow Navy S22 / Cloud White', 'Mgh Solid Grey / Chalk White / Core Black', 'Core Black / Grey Six / Cloud White']",[],[],['Reviews (43)'],['4.6'],[],[],[]
108,[],"['Core Black / Off White / Cloud White', 'Cloud White / Cloud White / Core Black', 'Off White / Core Black / Burnt Cayenne', 'Almost Blue / Off White / Core Black']",[],[],['Reviews (51)'],['4.4'],[],[],[]
109,[],"['Core Black / Off White / Cloud White', 'Cloud White / Cloud White / Core Black', 'Off White / Core Black / Burnt Cayenne', 'Almost Blue / Off White / Core Black']",[],[],['Reviews (51)'],['4.4'],[],[],[]
110,[],"['Cloud White / Silver Metallic / Silver Metallic', 'Core Black / Silver Metallic / Silver Metallic', 'Cloud White / Royal Blue / Silver Metallic', 'Cloud White / Team Power Red / Grey One']",[],['Product code: H00986'],['Reviews (9)'],['4.2'],['44.4444'],['80.5556'],['83.3333']
111,[],[],['Core Black / Signal Orange / Power Berry'],['Product code: FU7531'],['Reviews (8)'],['4.5'],['53.125'],['81.25'],['96.875']
112,[],"['Beam Pink F22 / Core Black / Coral Fusion S23', 'Core Black / Core Black / Carbon', 'Cloud White / Core Black / Solar Yellow']",[],['Product code: GX6632'],['Reviews (264)'],['4.7'],['52.5568'],['85.6061'],['91.7614']
113,"['M 5 / W 6', 'M 5.5 / W 6.5', 'M 6 / W 7', 'M 6.5 / W 7.5', 'M 7 / W 8', 'M 7.5 / W 8.5', 'M 8 / W 9', 'M 8.5 / W 9.5', 'M 9 / W 10', 'M 10 / W 11', 'M 11 / W 12', 'M 12.5 / W 13.5', 'M 13 / W 14']",[],['Core Black / Team Solar Yellow 2 / Grey Five'],['Product code: IG0772'],['Reviews (7)'],['4.4'],['42.8571'],['78.5714'],['89.2857']
114,"['M 5.5 / W 6.5', 'M 6 / W 7', 'M 6.5 / W 7.5', 'M 7 / W 8', 'M 7.5 / W 8.5', 'M 8 / W 9', 'M 8.5 / W 9.5', 'M 9 / W 10', 'M 9.5 / W 10.5', 'M 10 / W 11', 'M 10.5 / W 11.5', 'M 11 / W 12', 'M 11.5 / W 12.5', 'M 12 / W 13', 'M 12.5 / W 13.5', 'M 13 / W 14', 'M 14 / W 15']","['Core Black / Cloud White / Core Black', 'Cloud White / Core Black / Lucid Lemon']",[],['Product code: IE7021'],['Reviews (32)'],['4.3'],['43.75'],['76.5625'],['84.375']
115,"['M 4 / W 5', 'M 5 / W 6', 'M 6 / W 7', 'M 7 / W 8', 'M 8 / W 9', 'M 9 / W 10', 'M 10 / W 11']","['Team Rave Green / Team Rave Green / Team Rave Green', 'Off White / Off White / Off White', 'Orbit Grey / Bliss / Linen', 'Silver Metallic / Brown / Cream White', 'Core White / Core White / Core White', 'Black / Black / Black', 'Unity Ink / Unity Ink / Unity Ink']",[],['Product code: HR1940'],['Reviews (5)'],['4.0'],['40'],['75'],['90']
116,[],[],['Core Black / Cloud White / Signal Green'],['Product code: FV4744'],['Reviews (41)'],['4.3'],['36.5854'],['59.1463'],['84.7561']
117,[],"['Core White / Clear Grey / Green', 'Wonder White / Core White / Court Green', 'Core Black / Grey One / Grey Five', 'Matte Silver / Silver Metallic / Grey Two', 'Grey One / Grey Two / Grey Three']",[],['Product code: ID5410'],['Reviews (45)'],['4.9'],['53.3333'],['88.3333'],['91.6667']
118,[],[],['Wonder Clay / Off White / Gum'],['Product code: IE9862'],['Reviews (10)'],['5.0'],['52.5'],['85'],['92.5']
119,"['6', '6.5', '7', '7.5', '8', '8.5', '9', '9.5', '10']","['Carbon / Cloud White / Pulse Mint', 'Dash Grey / Silver Metallic / Solar Red', 'Pink Strata / Cloud White / Blue Dawn']",[],['Product code: HP5941'],['Reviews (63)'],['4.4'],['56.746'],['85.7143'],['86.1111']
120,"['M 5 / W 6', 'M 6 / W 7', 'M 7 / W 8', 'M 13 / W 14']","['Core Black / Cloud White / Cloud White', 'Core Black / Core Black / Cloud White', 'Core Black / Cloud White / Grey Two', 'Core Black / Cloud White / Cloud White', 'Core Black / Carbon / Core Black', 'Cloud White / Grey Two / Cloud White', 'Core Black / Core Black / Cloud White', 'Core Black / Cloud White / Core Black', 'Core Black / Gold Metallic / Core Black', 'Core Black / Cloud White / Core Black', 'Legend Ink / Cloud White / Legend Ink', 'Cloud White / Core Black / Core Black', 'Cloud White / Core Black / Grey Three', 'Core Black / Core Black / Core Black', 'Shadow Navy S22 / Cloud White / Shadow Navy S22', 'Core Black / Preloved Yellow / Core Black', 'Shadow Navy / Preloved Yellow / Shadow Navy']",[],['Product code: GW9647'],['Reviews (11561)'],['4.7'],['51.9702'],['89.5908'],['88.7856']
121,"['5', '5.5', '6', '6.5', '7', '7.5', '8', '8.5', '9', '9.5', '10', '10.5', '11']",[],['Ecru Tint / Cloud White / Bliss Orange'],['Product code: GW7061'],['Reviews (17)'],['4.9'],['52.9412'],['89.7059'],['94.1176']
122,[],"['Pulse Mint S22 / Silver Metallic / Core Black', 'Cloud White / Core Black / Grey Three', 'White Tint / Court Green S23 / Blue Dawn S23']",[],['Product code: GV9062'],['Reviews (109)'],['3.7'],['51.6055'],['71.1009'],['64.9083']
123,[],"['Grey Three / Grey Three / Grey Two', 'Core Black / Grey Three / Carbon', 'Core Black / Core Black / Solar Red', 'Core Black / Core Black / Solar Gold', 'Shadow Navy / Shadow Navy / Acid Orange', 'Cloud White / Zero Metalic / Crystal White', 'Grey One / Cloud White / Solar Red', 'Silver Violet S23 / Silver Violet S23 / Silver Dawn S23', 'Core Black / Core Black / Solar Red', 'Core Black / Core Black / Carbon', 'Grey One / Silver Metallic / Core White', 'Core Black / Core Black / Coral Fusion', 'Orange / Orange / Core Black', 'Aluminium / Off White / Wonder Beige', 'Cloud White / Cloud White / Lucid Pink', 'Shadow Navy / Shadow Navy / Silver Metallic', 'Core Black / Core Black / Grey Six', 'Olive Strata / Core Black / Silver Pebble']",[],['Product code: HP5967'],['Reviews (194)'],['4.4'],['56.3144'],['76.4175'],['82.0876']
124,"['5', '6.5', '7', '7.5', '8', '8.5', '9', '9.5', '10', '10.5', '11']","['Core Black / Core Black / Gum M2', 'Focus Olive F21 / Orbit Green F21 / Pulse Lime S22', 'Purple / Wonder Taupe / Coral Fusion', 'Purple / Wonder Taupe S23 / Coral Fusion S23', 'Core Black / Core Black / Gum']",[],['Product code: EG4618'],['Reviews (129)'],['4.5'],['60.2713'],['82.1705'],['88.5659']
125,"['5.5', '6', '8', '8.5']","['Core Black / Grey Six / Grey Three', 'Wonder Red F22 / Core Black / Pulse Lilac F22', 'Wonder Steel F22 / Core Black / Linen Green F22', 'Core Black / Grey Six / Cloud White', 'Wonder Taupe / Taupe Met. / Impact Orange', 'Silver Dawn S23 / Blue Dawn S23 / Solar Gold', 'Core Black / Grey Six / Grey Three', 'Wonder Silver / Wonder Silver / Lucid Lemon']",[],['Product code: GZ3311'],['Reviews (14)'],['4.4'],['60.7143'],['80.3571'],['82.1429']
126,"['M 6 / W 7', 'M 6.5 / W 7.5', 'M 7 / W 8', 'M 7.5 / W 8.5', 'M 8 / W 9', 'M 8.5 / W 9.5', 'M 9 / W 10', 'M 9.5 / W 10.5', 'M 10.5 / W 11.5']","['Core Black / Off White / Cloud White', 'Cloud White / Cloud White / Core Black', 'Off White / Core Black / Burnt Cayenne', 'Almost Blue / Off White / Core Black']",[],['Product code: HP2772'],['Reviews (51)'],['4.4'],['48.5294'],['75.9804'],['91.1765']
127,"['M 7 / W 8', 'M 8 / W 9', 'M 8.5 / W 9.5', 'M 9 / W 10', 'M 9.5 / W 10.5', 'M 10 / W 11', 'M 10.5 / W 11.5', 'M 11 / W 12', 'M 11.5 / W 12.5', 'M 12 / W 13', 'M 12.5 / W 13.5']","['Core Black / Cloud White / Team Shock Pink 2', 'Cloud White / Core Black / Lucid Lemon', 'Bright Royal / Cloud White / Bliss Blue']",[],['Product code: GY9990'],['Reviews (54)'],['4.0'],['46.7593'],['56.9444'],['76.3889']
128,"['M 11.5 / W 12.5', 'M 12 / W 13', 'M 12.5 / W 13.5', 'M 13 / W 14']","['Grey Three / Grey Three / Grey Two', 'Core Black / Grey Three / Carbon', 'Core Black / Core Black / Solar Red', 'Core Black / Core Black / Solar Gold', 'Shadow Navy / Shadow Navy / Acid Orange', 'Cloud White / Zero Metalic / Crystal White', 'Grey One / Cloud White / Solar Red', 'Silver Violet S23 / Silver Violet S23 / Silver Dawn S23', 'Core Black / Core Black / Solar Red', 'Core Black / Core Black / Carbon', 'Grey One / Silver Metallic / Core White', 'Core Black / Core Black / Coral Fusion', 'Orange / Orange / Core Black', 'Aluminium / Off White / Wonder Beige', 'Cloud White / Cloud White / Lucid Pink', 'Shadow Navy / Shadow Navy / Silver Metallic', 'Core Black / Core Black / Grey Six', 'Olive Strata / Core Black / Silver Pebble']",[],['Product code: HP5968'],['Reviews (194)'],['4.4'],['56.3144'],['76.4175'],['82.0876']
129,"['7', '7.5', '8', '8.5', '9']","['Core Black / Grey Three / Mint Ton', 'Semi Flash Aqua F23 / Core Black / Preloved Yellow F23', 'Wonder Silver F23 / Core Black / Grey Two']",[],['Product code: HQ1045'],['Reviews (199)'],['4.5'],['44.0955'],['77.3869'],['87.8141']
130,"['5.5', '6', '6.5', '7', '7.5', '8', '8.5', '9', '9.5', '10', '10.5', '11']","['Wonder Red F22 / Wonder Mauve / Beam Orange F22', 'Cloud White / Grey Two / Lucid Fuchsia S23', 'Pulse Mint S22 / Lucid Fuchsia S23 / Cloud White', 'Core Black / Pulse Mint S22 / Cloud White']",[],['Product code: HQ8577'],['Reviews (220)'],['4.6'],['52.5'],['84.4318'],['87.6136']
131,"['8', '9', '10', '11']","['Core Black / Cloud White / Core Black', 'Pink Fusion F23 / Lucid Pink F23 / Bright Red', 'Dash Grey / Cloud White / Crystal White']",[],['Product code: IF8183'],['Reviews (172)'],['4.2'],['70.2035'],['86.4826'],['86.4826']
132,[],"['Cloud White / Silver Metallic / Wonder White F21', 'Core Black / Core Black / Gum', 'Off White / Semi Turbo / Pulse Amber S22']",[],['Product code: GX4206'],['Reviews (1105)'],['4.6'],['54.5867'],['86.1035'],['87.5792']
133,[],"['Ecru Tint / Night Metallic / Solar Green', 'Beam Pink F22 / Cloud White / Solar Green', 'Bliss Orange / Silver Metallic / Bliss Lilac F22', 'Cloud White / Cloud White / Beam Pink F22', 'Cloud White / Silver Metallic / Cloud White', 'Core Black / Silver Dawn / Beam Pink', 'Halo Silver / Beam Pink / Silver Dawn']",[],['Product code: GW9096'],['Reviews (176)'],['4.6'],['46.733'],['83.9489'],['88.7784']
134,[],"['Grey Three / Grey Three / Grey Two', 'Core Black / Grey Three / Carbon', 'Core Black / Core Black / Solar Red', 'Core Black / Core Black / Solar Gold', 'Shadow Navy / Shadow Navy / Acid Orange', 'Cloud White / Zero Metalic / Crystal White', 'Grey One / Cloud White / Solar Red', 'Silver Violet S23 / Silver Violet S23 / Silver Dawn S23', 'Core Black / Core Black / Solar Red', 'Core Black / Core Black / Carbon', 'Grey One / Silver Metallic / Core White', 'Core Black / Core Black / Coral Fusion', 'Orange / Orange / Core Black', 'Aluminium / Off White / Wonder Beige', 'Cloud White / Cloud White / Lucid Pink', 'Shadow Navy / Shadow Navy / Silver Metallic', 'Core Black / Core Black / Grey Six', 'Olive Strata / Core Black / Silver Pebble']",[],['Product code: HP5969'],['Reviews (194)'],['4.4'],['56.3144'],['76.4175'],['82.0876']
135,[],"['Wonder White / Aluminium / Impact Orange', 'Savanna / Coral Fusion S23 / Court Green S23', 'Wonder Blue / Core Black / Lucid Lemon']",[],['Product code: IF2153'],['Reviews (14)'],['4.4'],['50'],['85.7143'],['89.2857']
136,[],"['Bliss Orange / Bliss Orange / Bliss Orange', 'Shadow Navy S22 / Shadow Navy S22 / Grey Three', 'Grey Three / Royal Blue / Off White', 'Aluminium / Wonder Taupe S23 / Silver Violet S23', 'Wonder Quartz / Core White / Halo Blush', 'Cloud White / Linen Green F22 / Off White', 'Wonder White / Aluminium / Wonder Beige', 'Chalk White / Grey Two / Grey One', 'Carbon / Grey Two / Grey Six', 'Aluminium / Wonder Clay / Wonder Quartz', 'Off White / Sand Strata / Gum']",[],['Product code: IE7063'],[],[],[],[],[]
137,"['6.5', '7', '7.5', '8', '8.5', '9', '9.5']","['Grey Two / Silver Metallic / Light Purple', 'Wonder Mauve / Wonder Mauve / Magic Grey S22', 'Core Black / Core Black / Mint Rush S22', 'Ecru Tint / Magic Beige F22 / Linen Green F22', 'Cloud White / Cloud White / Almost Lime S22']",[],['Product code: GV9765'],['Reviews (67)'],['4.4'],['51.8657'],['88.4328'],['90.2985']
138,"['M 4 / W 5', 'M 5 / W 6', 'M 6 / W 7', 'M 7 / W 8', 'M 8 / W 9', 'M 9 / W 10', 'M 10 / W 11', 'M 11 / W 12']","['Team Rave Green / Team Rave Green / Team Rave Green', 'Off White / Off White / Off White', 'Orbit Grey / Bliss / Linen', 'Silver Metallic / Brown / Cream White', 'Core White / Core White / Core White', 'Black / Black / Black', 'Unity Ink / Unity Ink / Unity Ink']",[],['Product code: HR1938'],['Reviews (5)'],['4.0'],['40'],['75'],['90']
139,[],[],['Lucid Blue S23 / Cloud White / Solar Red'],['Product code: IE4894'],['Reviews (13)'],['4.3'],['51.9231'],['76.9231'],['78.8462']
140,"['M 12 / W 13', 'M 13 / W 14']","['Olive Strata S23 / Silver Pebble S23 / Pulse Lime S22', 'Cloud White / Grey Two / Acid Orange S21', 'Cloud White / Cloud White / Cloud White', 'Off White / Off White / Wonder Beige F23', 'Core Black / Core Black / Grey Six']",[],['Product code: IG0436'],['Reviews (168)'],['4.6'],['53.2738'],['84.6726'],['89.2857']
141,"['5', '5.5', '6.5', '7', '7.5', '8', '8.5', '9', '9.5']","['Core Black / Cloud White / Carbon', 'Cloud White / Silver Metallic / Zero Metalic']",[],['Product code: HP3324'],['Reviews (84)'],['4.8'],['52.381'],['90.7738'],['95.5357']
142,"['M 11 / W 12', 'M 11.5 / W 12.5', 'M 12 / W 13', 'M 13 / W 14']","['Grey Three / Grey Three / Grey Two', 'Core Black / Grey Three / Carbon', 'Core Black / Core Black / Solar Red', 'Core Black / Core Black / Solar Gold', 'Shadow Navy / Shadow Navy / Acid Orange', 'Cloud White / Zero Metalic / Crystal White', 'Grey One / Cloud White / Solar Red', 'Silver Violet S23 / Silver Violet S23 / Silver Dawn S23', 'Core Black / Core Black / Solar Red', 'Core Black / Core Black / Carbon', 'Grey One / Silver Metallic / Core White', 'Core Black / Core Black / Coral Fusion', 'Orange / Orange / Core Black', 'Aluminium / Off White / Wonder Beige', 'Cloud White / Cloud White / Lucid Pink', 'Shadow Navy / Shadow Navy / Silver Metallic', 'Core Black / Core Black / Grey Six', 'Olive Strata / Core Black / Silver Pebble']",[],['Product code: HP5980'],['Reviews (194)'],['4.4'],['56.3144'],['76.4175'],['82.0876']
143,[],"['Bright Royal / Cloud White / Bliss Blue', 'Cloud White / Core Black / Lucid Lemon']",[],['Product code: GZ0008'],['Reviews (41)'],['3.8'],['39.6341'],['56.0976'],['76.2195']
144,[],"['Halo Blue / Blue Dawn / Solar Red', 'Carbon / Off White / Screaming Orange', 'Wonder Quartz / Bright Royal / Wonder Clay', 'Silver Dawn / Shadow Navy / Coral Fusion', 'Shadow Violet F23 / Silver Violet S23 / Carbon', 'Core Black / Core Black / Grey Six', 'Dash Grey / Cloud White / Silver Metallic', 'Cloud White / Grey Four / Better Scarlet S23', 'Grey Five / Grey Five / Bliss Lilac', 'Off White / Cloud White / Linen Green', 'Core White / Wonder Quartz / Bliss Orange']",[],['Product code: ID2412'],['Reviews (158)'],['4.4'],['62.9747'],['87.0253'],['88.9241']
145,[],"['Cloud White / Silver Metallic / Bright Cyan', 'Cloud White / Silver Metallic / Cloud White', 'Solar Gold / Cloud White / Lucid Lemon F23', 'Bright Royal / Cloud White / Royal Blue']",[],['Product code: HQ8404'],['Reviews (91)'],['4.3'],['50.2778'],['85.8333'],['81.3187']
146,[],"['Aluminium / Magic Beige F22 / Impact Orange F22', 'Clay Strata S23 / Bold Gold / Carbon']",[],['Product code: H03661'],['Reviews (11)'],['4.4'],['43.1818'],['86.3636'],['86.3636']
147,[],"['Crystal White / Better Scarlet S23 / Cream White', 'Easy Yellow / Cream White / Talc']",[],['Product code: IF5173'],['Reviews (12)'],['4.9'],['56.25'],['95.8333'],['95.8333']
148,[],[],['Coral Fusion S23 / Crystal White / Impact Orange F22'],['Product code: HR1136'],['Reviews (10)'],['4.2'],['52.5'],['77.5'],['85']
149,"['5.5', '6', '6.5', '7', '7.5', '8', '8.5', '9', '9.5', '10', '10.5', '11']",[],['Core Black / Cloud White / Carbon'],['Product code: GY1700'],['Reviews (69)'],['4.7'],['54.7101'],['85.5072'],['89.8551']
