,count_of_sizes,colors,product_code,quality,n_reviews,star_rating
0,12,"['PUMA Black-Warm White-Gum', 'Speed Blue-Lime Pow-Gum', 'Lavender Alert-Burnt Red-Gum']",399332_01,50.0,6,4.5
1,12,"['PUMA Black-Warm White-Gum', 'Speed Blue-Lime Pow-Gum', 'Lavender Alert-Burnt Red-Gum']",399332_03,50.0,6,4.5
2,12,"['PUMA Black-Warm White-Gum', 'Speed Blue-Lime Pow-Gum', 'Lavender Alert-Burnt Red-Gum']",399332_02,50.0,6,4.5
3,12,"['Malachite-Puma Team Gold-PUMA White', 'Dark Jasper-Puma Team Gold-PUMA White']",398949_01,,0,0.0
4,12,"['Malachite-Puma Team Gold-PUMA White', 'Dark Jasper-Puma Team Gold-PUMA White']",398949_02,,0,0.0
5,12,['PUMA White-Malachite-Puma Team Gold'],397113_01,,0,0.0
6,19,"['Malachite-Warm White', 'PUMA Black-PUMA Black']",397112_01,100.0,1,5.0
7,19,"['Malachite-Warm White', 'PUMA Black-PUMA Black']",397112_02,100.0,1,5.0
8,12,"['Puma Black-Puma White', 'High Risk Red-Puma White', 'Marshmallow-Puma White', 'Lily Pad-Lily Pad', 'Icy Blue-PUMA White', 'Granola-Warm White']",381410_01,,160,4.2
9,12,"['Puma White-Puma White', 'Puma White-Puma Black']",369155_04,80.9,162,4.1
10,11,"['Puma White-Puma Black', 'Puma White-Peyote']",381983_01,85.7,55,4.4
11,12,"['Puma White-Puma White', 'Puma White-Puma Black']",369155_01,80.9,162,4.1
12,12,"['Puma White-Puma White', 'Puma Black-Puma White']",373438_01,92.9,104,4.7
13,12,"['Puma White', 'Puma Black']",384209_01,66.7,30,3.9
14,12,"['Puma Black-Puma White', 'High Risk Red-Puma White', 'Marshmallow-Puma White', 'Lily Pad-Lily Pad', 'Icy Blue-PUMA White', 'Granola-Warm White']",381410_02,82.3,160,4.2
15,17,"['Puma White-Puma Team Gold', 'Puma Black-Puma Team Gold']",366408_01,73.5,36,4.1
16,12,['PUMA White-Gold-Warm White'],397089_01,,0,0.0
17,12,"['Puma Black-Puma White', 'High Risk Red-Puma White', 'Marshmallow-Puma White', 'Lily Pad-Lily Pad', 'Icy Blue-PUMA White', 'Granola-Warm White']",381410_10,82.3,160,4.2
18,12,"['Puma White-Puma White', 'Puma Black-Puma White']",373438_02,92.9,104,4.7
19,12,"['PUMA White', 'PUMA Black', 'PUMA White-PUMA Black', 'PUMA Black-PUMA White']",392730_01,75.0,9,4.1
20,12,"['Club Navy', 'Dark Myrtle']",399262_02,87.5,49,4.6
21,12,['Puma Black-Puma White'],380784_01,100.0,9,4.9
22,9,['Whisper White-ARUBA BLUE'],392710_01,,0,0.0
23,12,"['Frosty Pink-Warm White', 'Frosty Pink-Ravish-Pearl Pink']",393772_05,100.0,3,4.7
24,12,['PUMA Black'],396352_02,,0,0.0
25,18,"['Puma White-Puma Team Gold', 'Puma Black-Puma Team Gold']",366408_02,73.5,36,4.1
26,12,"['Puma Black-Puma White', 'High Risk Red-Puma White', 'Marshmallow-Puma White', 'Lily Pad-Lily Pad', 'Icy Blue-PUMA White', 'Granola-Warm White']",381410_90,82.3,160,4.2
27,12,"['Frosty Pink-Warm White', 'Frosty Pink-Ravish-Pearl Pink']",393772_02,,3,4.7
28,10,['PUMA White-Feather Gray'],379140_01,100.0,1,5.0
29,10,"['Puma White-Puma Black', 'Puma White-Peyote']",381983_02,85.7,55,4.4
30,12,"['Club Navy', 'Dark Myrtle']",399262_01,87.5,49,4.6
31,12,['Iridescent-PUMA White'],392886_01,75.0,17,3.8
32,12,['Frosted Ivory-Warm White-Cashew'],397090_01,,0,0.0
33,19,['Sedate Gray-PUMA White'],396704_02,,0,0.0
34,12,['Pristine-Marshmallow'],385248_01,100.0,1,5.0
35,12,['Puma White'],396172_01,,0,0.0
36,12,"['Warm White', 'PUMA Black']",393065_01,,0,0.0
37,12,"['PUMA White-PUMA Black', 'PUMA White-PUMA White-PUMA Gold']",393802_09,75.0,6,4.5
38,11,"['Icy Blue-Ultra Blue', 'Ash Gray-PUMA White-Yellow Burst-Vivid Violet']",377540_04,100.0,2,5.0
39,12,"['PUMA White', 'PUMA Black', 'PUMA White-PUMA Black', 'PUMA Black-PUMA White']",392730_08,75.0,9,4.1
40,12,"['Fresh Mint-Fast Pink', 'Cobalt Glaze-PUMA White']",397643_02,100.0,2,5.0
41,12,"['PUMA Black', 'Chocolate']",394786_01,,0,0.0
42,15,['PUMA White-Pristine'],392086_01,,0,0.0
43,12,['Puma White-Puma Black-Gray Violet'],383112_04,63.2,21,4.0
44,12,"['PUMA Black-PUMA Silver', 'PUMA Black-Peach Smoothie-Speed Green', 'Fire Orchid-Ultra Blue']",378456_01,,0,0.0
45,12,['PUMA White'],394755_02,,0,0.0
46,12,"['PUMA White-Marshmallow', 'PUMA White-Warm White-Dark Jasper']",389853_06,0.0,1,1.0
47,12,"['PUMA White', 'PUMA Black', 'PUMA White-PUMA Black', 'PUMA Black-PUMA White']",392730_02,75.0,9,4.1
48,5,"['PUMA Black', 'Frosted Ivory']",389454_04,90.0,14,4.2
49,12,['Dark Jasper-Warm White'],371008_27,100.0,26,5.0
50,12,['Fire Orchid-Ultra Blue'],376262_21,91.7,13,4.6
51,12,"['PUMA Black-Cool Dark Gray-PUMA Silver', 'Cool Dark Gray-Koral Ice', 'Eucalyptus-Alpine Snow-PUMA Black', 'Alpine Snow-Ultra Blue-Yellow Burst', 'Active Red-Ocean Tropic-Lime Pow: out of stock']",377746_04,100.0,1,3.0
52,20,['Light Aqua-PUMA White'],378318_02,100.0,2,5.0
53,12,['Sugared Almond-PUMA Gold'],309720_04,,0,0.0
54,12,"['PUMA White', 'PUMA Black', 'PUMA White-PUMA Black', 'PUMA Black-PUMA White']",392730_04,75.0,9,4.1
55,21,['PUMA Navy'],379886_01,,0,0.0
56,12,"['PUMA Black-PUMA White', 'Fire Orchid-PUMA Black-PUMA Silver']",377758_09,100.0,16,4.5
57,12,"['PUMA Black-Fire Orchid', 'Fire Orchid-PUMA Black-Icy Blue', 'Poison Pink-PUMA Black-PUMA White']",376855_22,88.9,9,4.2
58,15,['PUMA White-PUMA White'],392085_01,66.7,3,3.7
59,19,['Cayenne Pepper-Astro Red'],393301_02,,0,0.0
60,12,"['Warm White', 'PUMA Black']",393065_02,,0,0.0
61,18,"['PUMA White-PUMA Black', 'PUMA Black-PUMA White', 'Warm White-Yellow Burst-Parakeet Green']",390932_02,,0,0.0
62,12,"['PUMA White-PUMA Black', 'PUMA White-PUMA White-PUMA Gold']",393802_01,,6,4.5
63,12,"['PUMA Black-PUMA White', 'Fire Orchid-PUMA Black-PUMA Silver']",377758_01,100.0,16,4.5
64,13,"['Silver Sky-PUMA Black-Fire Orchid', 'Alpine Snow-Asphalt-Yellow Blaze']",107565_03,,0,0.0
65,12,"['PUMA White-Vapor Gray-Gum', 'PUMA Black-Feather Gray-Gum']",397647_03,90.9,18,4.4
66,12,"['PUMA Black-Fire Orchid', 'Fire Orchid-PUMA Black-Icy Blue', 'Poison Pink-PUMA Black-PUMA White']",376855_17,88.9,9,4.2
67,12,"['Puma White', 'Puma Black']",384209_02,66.7,30,3.9
68,13,"['PUMA White-PUMA Black-Fire Orchid', 'Ultra Blue-PUMA White-Pro Green']",107507_03,0.0,2,3.0
69,5,"['PUMA Black', 'Frosted Ivory']",389454_05,90.0,14,4.2
70,19,['Chocolate Chip-Flaxen'],393449_02,,0,0.0
71,13,"['Pelé Yellow-Club Red: out of stock', 'Fresh Mint-Fast Pink', 'Vine-Clementine', 'Cobalt Glaze-PUMA White', 'Club Red-Club Navy: out of stock']",396463_07,66.7,4,4.3
72,12,"['PUMA Black-Koral Ice-Speed Green-PUMA Silver', 'Koral Ice-Speed Green']",378482_02,,1,5.0
73,19,['Sedate Gray-Pinktastic'],393078_01,0.0,1,4.0
74,12,"['PUMA Black-Cool Dark Gray-PUMA Silver', 'Cool Dark Gray-Koral Ice', 'Eucalyptus-Alpine Snow-PUMA Black', 'Alpine Snow-Ultra Blue-Yellow Burst', 'Active Red-Ocean Tropic-Lime Pow: out of stock']",377746_05,100.0,1,3.0
75,12,"['PUMA White-Cherry Tomato', 'Cherry Tomato-PUMA Black']",309758_01,,0,0.0
76,12,['PUMA White-Frosty Pink'],395461_11,100.0,7,5.0
77,12,['PUMA Black-PUMA White-Dark Coal'],378823_01,100.0,1,5.0
78,17,['Persian Blue-Orange Brick'],393326_01,25.0,4,3.0
79,12,"['PUMA White-PUMA Black', 'PUMA Black-PUMA White', 'Warm White-Yellow Burst-Parakeet Green']",390932_01,,0,0.0
80,19,"['PUMA Black-Warm White', 'Rosso Corsa-Warm White']",307826_02,,0,0.0
81,19,"['PUMA Black-Warm White', 'Rosso Corsa-Warm White']",307826_01,,0,0.0
82,12,"['PUMA Black-PUMA White', 'PUMA White-Speed Green', 'PUMA Black-Bold Blue-Future Pink']",378688_02,,0,0.0
83,14,['PUMA Black-Koral Ice-Speed Green'],378906_01,,1,5.0
84,16,['Sedate Gray-Sedate Gray'],393314_02,100.0,1,3.0
85,12,"['PUMA Black-Koral Ice-Speed Green-PUMA Silver', 'Koral Ice-Speed Green']",378482_01,,1,5.0
86,12,"['PUMA Black-PUMA Silver', 'PUMA Black-Peach Smoothie-Speed Green', 'Fire Orchid-Ultra Blue']",378456_03,,0,0.0
87,12,"['PUMA White-Cherry Tomato', 'Cherry Tomato-PUMA Black']",309758_02,,0,0.0
88,12,['PUMA Black-Intense Lavender'],394508_03,,0,0.0
89,9,['Pristine-Prairie Tan'],396449_01,80.0,7,4.6
90,12,"['PUMA Black-PUMA White', 'PUMA White-Speed Green', 'PUMA Black-Bold Blue-Future Pink']",378688_03,,0,0.0
91,12,['PUMA White-Warm White'],394749_01,,0,0.0
92,0,"['Pelé Yellow-Club Red: out of stock', 'Fresh Mint-Fast Pink', 'Vine-Clementine', 'Cobalt Glaze-PUMA White', 'Club Red-Club Navy: out of stock']",396463_01,66.7,4,4.3
93,12,"['PUMA Black', 'Chocolate']",394786_04,,0,0.0
94,11,"['Vibrant Red', 'Dusty Tan']",378437_02,,0,0.0
95,12,"['Vibrant Red', 'Dusty Tan']",378437_01,,0,0.0
96,0,"['Pelé Yellow-Club Red: out of stock', 'Fresh Mint-Fast Pink', 'Vine-Clementine', 'Cobalt Glaze-PUMA White', 'Club Red-Club Navy: out of stock']",396463_09,66.7,4,4.3
97,12,"['Frosted Ivory-PUMA White', 'PUMA White-Icy Blue-Warm White']",393764_03,,1,4.0
98,11,"['Icy Blue-Ultra Blue', 'Ash Gray-PUMA White-Yellow Burst-Vivid Violet']",377540_05,100.0,2,5.0
99,12,"['Frosted Ivory-PUMA White', 'PUMA White-Icy Blue-Warm White']",393764_02,,1,4.0
100,12,['PUMA Black-Strawberry Burst-Yellow Blaze'],378454_01,100.0,1,5.0
101,12,"['Puma Black-Metallic Gold', 'PUMA White-Fire Orchid-PUMA Black', 'PUMA Black-Icy Blue-Speed Green']",376169_10,80.0,6,4.5
102,12,"['PUMA Black-Cool Dark Gray-PUMA Silver', 'Cool Dark Gray-Koral Ice', 'Eucalyptus-Alpine Snow-PUMA Black', 'Alpine Snow-Ultra Blue-Yellow Burst', 'Active Red-Ocean Tropic-Lime Pow: out of stock']",377746_01,100.0,1,3.0
103,19,['Ultra Orange-PUMA Black'],378096_02,0.0,2,3.5
104,12,"['PUMA Black-Cool Dark Gray-PUMA Silver', 'Cool Dark Gray-Koral Ice', 'Eucalyptus-Alpine Snow-PUMA Black', 'Alpine Snow-Ultra Blue-Yellow Burst', 'Active Red-Ocean Tropic-Lime Pow: out of stock']",377746_03,100.0,1,3.0
105,13,['Persian Blue-PUMA White-Pro Green'],107356_03,12.5,8,1.6
106,11,['Warm White-Bright Melon'],379114_01,0.0,1,2.0
107,12,['PUMA Black-Cool Dark Gray-PUMA Silver'],378791_01,,0,0.0
108,12,"['Icy Blue-PUMA Silver-Regal Blue', 'Fire Orchid-PUMA Silver-Icy Blue']",377316_07,50.0,4,4.0
109,12,['PUMA Black-Fire Orchid'],377063_04,,0,0.0
110,12,"['PUMA Black-Platinum Gray', 'Ash Gray-Alpine Snow-Koral Ice', 'Dark Jasper-PUMA Black-Fire Orchid']",377855_01,100.0,3,5.0
111,12,['Astro Red-Fire Orchid-PUMA Black'],377839_02,,0,0.0
112,12,"['PUMA Black-PUMA Silver', 'PUMA Black-Peach Smoothie-Speed Green', 'Fire Orchid-Ultra Blue']",378456_05,,0,0.0
113,12,"['Icy Blue-PUMA Silver-Regal Blue', 'Fire Orchid-PUMA Silver-Icy Blue']",377316_09,50.0,4,4.0
114,12,['PUMA Black-Purple Pop-Yellow Burst'],377508_04,100.0,1,5.0
115,12,['PUMA Black-Strawberry Burst-Yellow Blaze'],378684_01,100.0,3,3.0
116,12,['Pink Delight-PUMA Green-Gum'],397858_01,90.0,21,4.8
117,0,['Eucalyptus-PUMA White: out of stock'],396383_02,,0,0.0
118,12,"['PUMA Black-Platinum Gray', 'Ash Gray-Alpine Snow-Koral Ice', 'Dark Jasper-PUMA Black-Fire Orchid']",377855_06,100.0,3,5.0
119,12,"['Pelé Yellow-Club Red: out of stock', 'Fresh Mint-Fast Pink', 'Vine-Clementine', 'Cobalt Glaze-PUMA White', 'Club Red-Club Navy: out of stock']",396463_05,66.7,4,4.3
120,12,['PUMA Black'],379288_01,,0,0.0
121,12,"['PUMA White-PUMA Black', 'PUMA Black-PUMA White', 'Warm White-Yellow Burst-Parakeet Green']",390932_09,,0,0.0
122,11,['PUMA Black-Cool Cobalt-Pop Red'],307761_01,,1,5.0
123,12,"['Ash Gray-PUMA Black-Koral Ice', 'Neon Sun-Alpine Snow-PUMA Black']",307685_04,0.0,1,4.0
124,12,"['Ash Gray-PUMA Black-Koral Ice', 'Neon Sun-Alpine Snow-PUMA Black']",307685_03,,1,4.0
125,13,['PUMA Black-Cool Dark Gray'],377942_01,,1,5.0
126,13,"['Fire Orchid-Ultra Blue-PUMA White', 'PUMA White-Fire Orchid-Ultra Blue-PUMA Black']",377787_03,100.0,3,5.0
127,0,"['PUMA Black-Cool Dark Gray-PUMA Silver', 'Cool Dark Gray-Koral Ice', 'Eucalyptus-Alpine Snow-PUMA Black', 'Alpine Snow-Ultra Blue-Yellow Burst', 'Active Red-Ocean Tropic-Lime Pow: out of stock']",377746_07,,1,3.0
128,0,['Pure Green-Green Illusion: out of stock'],395997_01,,0,0.0
129,12,['Koral Ice-Cool Mid Gray-PUMA Black'],378551_04,,0,0.0
130,14,['Ghost Pepper-PUMA Black-Pink Glimmer'],379115_01,100.0,1,5.0
131,11,['Dusty Tan'],378435_02,,0,0.0
132,11,['Fire Orchid-Ultra Blue-PUMA White'],376592_05,0.0,1,2.0
133,12,"['PUMA Black-Platinum Gray', 'Ash Gray-Alpine Snow-Koral Ice', 'Dark Jasper-PUMA Black-Fire Orchid']",377855_08,100.0,3,5.0
134,14,"['PUMA Black-PUMA White', 'PUMA White-Speed Green', 'PUMA Black-Bold Blue-Future Pink']",378688_01,,0,0.0
135,9,"['PUMA White-Vapor Gray-Gum', 'PUMA Black-Feather Gray-Gum']",397647_01,90.9,18,4.4
136,12,['Yellow Burst-Racing Blue-Pink Glimmer'],379040_01,100.0,4,4.8
137,13,"['Pelé Yellow-Club Red: out of stock', 'Fresh Mint-Fast Pink', 'Vine-Clementine', 'Cobalt Glaze-PUMA White', 'Club Red-Club Navy: out of stock']",396463_02,66.7,4,4.3
138,13,"['PUMA Black-Fire Orchid', 'Fire Orchid-PUMA Black-Icy Blue', 'Poison Pink-PUMA Black-PUMA White']",376855_25,88.9,9,4.2
139,12,['Puma Black'],383157_02,86.7,15,4.4
140,13,"['Fire Orchid-Ultra Blue-PUMA White', 'PUMA White-Fire Orchid-Ultra Blue-PUMA Black']",377787_02,100.0,3,5.0
141,14,"['Puma Black-Metallic Gold', 'PUMA White-Fire Orchid-PUMA Black', 'PUMA Black-Icy Blue-Speed Green']",376169_01,,6,4.5
142,9,"['For All Time Red-Ultra Blue', 'PUMA White-Fire Orchid']",376311_04,33.3,3,3.7
143,12,['Adriatic-PUMA Black-Ravish'],376946_08,,1,5.0
144,23,"['PUMA White-Platinum Gray', 'PUMA White-PUMA Black', 'PUMA White-For All Time Red', 'PUMA White-Clyde Royal', 'PUMA Black-PUMA White', 'Platinum Gray-PUMA White']",379082_05,,0,0.0
145,23,"['PUMA White-Platinum Gray', 'PUMA White-PUMA Black', 'PUMA White-For All Time Red', 'PUMA White-Clyde Royal', 'PUMA Black-PUMA White', 'Platinum Gray-PUMA White']",379082_04,,0,0.0
146,9,"['For All Time Red-Ultra Blue', 'PUMA White-Fire Orchid']",376311_05,33.3,3,3.7
147,23,"['PUMA White-Platinum Gray', 'PUMA White-PUMA Black', 'PUMA White-For All Time Red', 'PUMA White-Clyde Royal', 'PUMA Black-PUMA White', 'Platinum Gray-PUMA White']",379082_03,,0,0.0
148,23,"['PUMA White-Platinum Gray', 'PUMA White-PUMA Black', 'PUMA White-For All Time Red', 'PUMA White-Clyde Royal', 'PUMA Black-PUMA White', 'Platinum Gray-PUMA White']",379082_02,,0,0.0
149,22,"['PUMA White-Platinum Gray', 'PUMA White-PUMA Black', 'PUMA White-For All Time Red', 'PUMA White-Clyde Royal', 'PUMA Black-PUMA White', 'Platinum Gray-PUMA White']",379082_01,,0,0.0
150,23,"['PUMA White-Platinum Gray', 'PUMA White-PUMA Black', 'PUMA White-For All Time Red', 'PUMA White-Clyde Royal', 'PUMA Black-PUMA White', 'Platinum Gray-PUMA White']",379082_06,,0,0.0
151,12,['Warm White-Toasted Almond-Cashew'],396444_01,100.0,1,5.0
152,12,['Bright Melon-Frosted Ivory'],393084_01,,0,0.0
153,10,"['Fresh Mint-Fast Pink', 'Cobalt Glaze-PUMA White']",397643_07,100.0,2,5.0
154,19,['Frosted Ivory-Pebble'],379181_01,100.0,2,5.0
155,10,['Koral Ice-Speed Green'],378469_01,50.0,3,3.7
156,20,['Electric Peppermint-PUMA Gold'],310565_01,,0,0.0
157,19,['Vine-Frosted Ivory'],394175_01,,0,0.0
158,9,"['Puma Black-Metallic Gold', 'PUMA White-Fire Orchid-PUMA Black', 'PUMA Black-Icy Blue-Speed Green']",376169_12,80.0,6,4.5
159,19,['Frosted Ivory-Eggnog'],394174_01,,0,0.0
160,9,['PUMA White-Icy Blue'],387468_06,,0,0.0
161,0,[],377892_10,93.3,17,4.8
162,12,['Puma Black-Gold'],195027_02,,88,4.5
163,12,"['Puma Black', 'Taffy']",382829_01,62.5,24,4.0
164,9,['PUMA White-Frosted Ivory-Puma Team Gold'],392699_01,100.0,3,5.0
165,12,['PUMA White-Peach Smoothie-Flaxen'],396073_01,50.0,2,3.0
166,12,['Feather Gray-Warm White'],394750_02,66.7,6,4.3
167,12,"['Puma Black', 'Taffy']",382829_04,62.5,24,4.0
168,19,['Inky Blue-PUMA Black-Sand Dune'],396672_01,,0,0.0
169,12,['Hot Heat-Frosted Ivory'],392514_01,50.0,3,2.3
170,12,['Puma White-Metallic Gold'],191667_02,93.8,50,4.8
171,10,"['Puma Black-Puma White', 'High Risk Red-Puma White', 'Marshmallow-Puma White', 'Lily Pad-Lily Pad', 'Icy Blue-PUMA White', 'Granola-Warm White']",381410_85,82.3,160,4.2
172,5,"['PUMA Black-PUMA Black', 'Pristine-Pristine']",389082_01,72.7,12,3.5
173,12,['Island Pink-PUMA White'],393771_01,,0,0.0
174,12,"['Chocolate Chip', 'PUMA Black']",393201_03,100.0,1,5.0
175,12,['PUMA Black'],393085_01,100.0,2,5.0
176,12,"['Warm White-Granola', 'Ash Gray-Frosted Ivory']",393031_02,,0,0.0
177,12,"['Warm White-Granola', 'Ash Gray-Frosted Ivory']",393031_01,,0,0.0
178,12,['Parisian Night-Pristine-Warm Earth'],393343_01,80.0,5,4.0
179,12,"['Chocolate Chip', 'PUMA Black']",393201_02,100.0,1,5.0
180,11,['PUMA White-Warm White-Pearl Pink'],389876_02,,4,5.0
181,12,['Puma White-Nimbus Cloud'],387150_01,,1,4.0
182,12,['Ghost Pepper-Frosty Pink'],393987_01,,0,0.0
183,13,"['PUMA White-PUMA Black-Fire Orchid', 'Ultra Blue-PUMA White-Pro Green']",107507_01,0.0,2,3.0
184,13,['PUMA White-PUMA Black-Fast Yellow-Electric Peppermint'],107262_02,,0,0.0
185,11,['Warm White-PUMA White'],389844_01,100.0,5,4.4
186,12,['Warm White-PUMA Black'],394885_01,,0,0.0
187,12,['PUMA Black-Hot Heat'],395480_01,100.0,1,5.0
188,12,"['Puma White-Marshmallow-Purple Charcoal', 'PUMA White-Lavender Fog-Anise Flower', 'PUMA White-Spring Lavender', 'PUMA White-Peach Smoothie']",386270_15,,5,4.2
189,13,"['Silver Sky-PUMA Black-Fire Orchid', 'Alpine Snow-Asphalt-Yellow Blaze']",107565_01,,0,0.0
190,5,"['PUMA Black-PUMA Black', 'Pristine-Pristine']",389082_02,72.7,12,3.5
191,12,['Ash Gray-Concrete Gray-Sedate Gray-Alpine Snow-PUMA Silver'],395119_01,,0,0.0
192,9,"['PUMA White-Marshmallow', 'PUMA White-Warm White-Dark Jasper']",389853_04,,1,1.0
193,11,"['Flat Dark Gray-Frosted Ivory', 'Concrete Gray-Frosted Ivory']",393752_01,100.0,1,5.0
194,12,['Frosty Pink-Ghost Pepper'],394009_01,100.0,1,5.0
195,12,['Granola-Day Dream'],389894_02,,0,0.0
196,13,"['Flat Dark Gray-Frosted Ivory', 'Concrete Gray-Frosted Ivory']",393752_02,100.0,1,5.0
197,12,['Glowing Pink-Desert Clay-PUMA White'],392884_02,71.9,40,3.9
198,10,"['Puma White-Marshmallow-Purple Charcoal', 'PUMA White-Lavender Fog-Anise Flower', 'PUMA White-Spring Lavender', 'PUMA White-Peach Smoothie']",386270_09,75.0,5,4.2
199,10,['PUMA White-Pearl Pink'],391096_02,,1,3.0
200,12,"['PUMA White-Warm White', 'PUMA White-Summer Green']",391098_07,100.0,1,5.0
201,12,"['Frosty Pink-Flaxen', 'Warm White-Spring Fern']",393032_01,,1,5.0
202,11,['PUMA White-Pop Red'],307874_01,0.0,1,1.0
203,12,"['PUMA Black-Vivid Violet', 'PUMA White-Vivid Violet']",391013_01,0.0,2,3.5
204,12,['PUMA White'],391086_01,33.3,4,4.3
205,12,['Toasted-PUMA White'],393777_01,,0,0.0
206,12,"['Frosty Pink-Flaxen', 'Warm White-Spring Fern']",393032_02,,1,5.0
207,12,"['PUMA Black-Vivid Violet', 'PUMA White-Vivid Violet']",391013_02,0.0,2,3.5
208,11,['Granola-PUMA White'],393193_01,,0,0.0
209,9,"['PUMA White-Warm White', 'PUMA White-Summer Green']",391098_01,100.0,1,5.0
210,12,['PUMA White-Ravish'],389893_01,,0,0.0
211,12,['Puma Black-Poppy Red-Blue Glow'],387289_01,0.0,2,4.0
212,12,['Sand Dune-Green Fog-Fall Foliage'],396115_01,75.0,4,4.0
213,12,"['Puma Black-Puma White', 'High Risk Red-Puma White', 'Marshmallow-Puma White', 'Lily Pad-Lily Pad', 'Icy Blue-PUMA White', 'Granola-Warm White']",381410_73,82.3,160,4.2
214,7,['Fast Yellow-Marble-Warm White'],383380_06,,17,4.6
215,11,['Puma Black'],384412_02,100.0,2,5.0
216,9,['PUMA White-Pristine'],391226_01,,0,0.0
217,13,['PUMA White-PUMA Black-Spring Lavender-Minty Burst'],107329_01,,0,0.0
218,9,['Puma White-Nimbus Cloud'],387157_01,50.0,4,3.5
219,9,"['Puma White-Marshmallow-Purple Charcoal', 'PUMA White-Lavender Fog-Anise Flower', 'PUMA White-Spring Lavender', 'PUMA White-Peach Smoothie']",386270_14,75.0,5,4.2
220,11,['Vine-Pristine'],391570_01,100.0,3,4.7
221,10,['Dusty Tan-Granola-PUMA White'],393402_03,,0,0.0
222,11,['Platinum Gray-Platinum Gray'],389161_01,100.0,1,5.0
223,11,['Green Fog-PUMA White-Sand Dune'],396113_01,100.0,7,4.9
224,11,"['Puma White-Marshmallow-Purple Charcoal', 'PUMA White-Lavender Fog-Anise Flower', 'PUMA White-Spring Lavender', 'PUMA White-Peach Smoothie']",386270_02,75.0,5,4.2
225,6,['Puma White-Nimbus Cloud-Fizzy Melon'],384433_02,,2,3.5
226,10,['PUMA White-Frosty Pink'],393077_01,0.0,2,4.0
227,9,['PUMA White'],389585_01,,4,5.0
228,12,['PUMA White-Parisian Night-Vine'],393340_01,,9,5.0
229,13,['Fizzy Light-Parisian Night-Blue Glimmer'],106898_01,,0,0.0
230,15,['PUMA White-Warm White'],393049_01,100.0,1,5.0
231,11,['Fast Yellow-PUMA Black'],377046_09,62.5,8,3.4
232,12,['Pastel Parchment-Peach Pink-Ocean Dive'],385517_02,,13,4.5
233,12,['Fiery Coral-Fizzy Light-Puma Black-Salmon'],107093_02,0.0,2,1.0
234,18,"['Puma Black-Puma White', 'High Risk Red-Puma White', 'Gray Violet-Puma White', 'Peacoat-Puma White', 'Honey Mustard-Puma White', 'Cabernet-Puma White', 'Steel Gray-Puma White', 'Puma Black-Puma Black', 'Malachite-PUMA White']",374915_01,80.8,421,4.2
235,15,['PUMA White'],379303_01,0.0,1,5.0
236,15,['Purple Glimmer-Green Gecko'],378916_01,71.2,72,4.2
237,18,"['Puma Black-Puma White', 'High Risk Red-Puma White', 'Gray Violet-Puma White', 'Peacoat-Puma White', 'Honey Mustard-Puma White', 'Cabernet-Puma White', 'Steel Gray-Puma White', 'Puma Black-Puma Black', 'Malachite-PUMA White']",374915_04,80.8,421,4.2
238,15,"['Puma Black-Puma White', 'High Risk Red-Puma White', 'Gray Violet-Puma White', 'Peacoat-Puma White', 'Honey Mustard-Puma White', 'Cabernet-Puma White', 'Steel Gray-Puma White', 'Puma Black-Puma Black', 'Malachite-PUMA White']",374915_12,80.8,421,4.2
239,18,"['Puma Black-Puma White', 'High Risk Red-Puma White', 'Gray Violet-Puma White', 'Peacoat-Puma White', 'Honey Mustard-Puma White', 'Cabernet-Puma White', 'Steel Gray-Puma White', 'Puma Black-Puma Black', 'Malachite-PUMA White']",374915_07,80.8,421,4.2
240,18,"['Puma Black-Puma White', 'High Risk Red-Puma White', 'Gray Violet-Puma White', 'Peacoat-Puma White', 'Honey Mustard-Puma White', 'Cabernet-Puma White', 'Steel Gray-Puma White', 'Puma Black-Puma Black', 'Malachite-PUMA White']",374915_02,80.8,421,4.2
241,19,"['Puma Black-Puma White', 'High Risk Red-Puma White', 'Gray Violet-Puma White', 'Peacoat-Puma White', 'Honey Mustard-Puma White', 'Cabernet-Puma White', 'Steel Gray-Puma White', 'Puma Black-Puma Black', 'Malachite-PUMA White']",374915_06,80.8,421,4.2
242,15,['Feather Gray-Lime Smash'],379235_01,42.9,7,3.0
243,15,['Fluro Green Pes-PUMA Green-Fluro Yellow Pes'],379233_01,80.0,26,4.0
244,13,"['PUMA Black-Stormy Slate-For All Time Red', 'For All Time Red-PUMA Black-Gray Fog', 'Club Navy-PUMA Black-Electric Lime']",379601_01,,1,5.0
245,13,"['Puma White-Silver', 'PUMA Black-PUMA Black']",376941_04,78.1,37,4.1
246,19,"['Puma Black-Puma White', 'High Risk Red-Puma White', 'Gray Violet-Puma White', 'Peacoat-Puma White', 'Honey Mustard-Puma White', 'Cabernet-Puma White', 'Steel Gray-Puma White', 'Puma Black-Puma Black', 'Malachite-PUMA White']",374915_05,80.8,421,4.2
247,13,"['PUMA Black-Stormy Slate-For All Time Red', 'For All Time Red-PUMA Black-Gray Fog', 'Club Navy-PUMA Black-Electric Lime']",379601_03,,1,5.0
248,13,"['Puma Black', 'PUMA Black-Ocean Tropic-Lime Pow', 'Lime Pow-PUMA Black-PUMA White']",376807_01,81.5,28,4.3
249,18,"['Ash Gray-For All Time Red-PUMA Black', 'Myrtle-Myrtle-PUMA Black']",387272_05,93.0,64,4.7
250,16,"['PUMA Black-Warm White-Gum', 'Speed Blue-Lime Pow-Gum', 'Lavender Alert-Burnt Red-Gum']",396403_01,100.0,2,5.0
251,17,"['Puma White-Puma Team Gold', 'Puma Black-Puma Team Gold']",366408_01,73.5,36,4.1
252,17,"['Alpine Snow-Alpine Snow', 'PUMA Black-PUMA Black']",392787_07,100.0,3,3.7
253,12,['Metallic Gold-Fiery Coral'],379223_01,55.6,10,4.9
254,13,['For All Time Red-Dark Orange-PUMA Black'],395542_01,,0,0.0
255,19,"['PUMA Black-PUMA White-Dark Coal', 'Reflex Blue C-PUMA White-Sedate Gray']",307936_02,92.9,16,4.8
256,19,"['Puma White-Puma White', 'Puma White-Puma Black', 'Puma Black-Puma Black']",374923_02,69.2,42,3.9
257,19,"['Puma White-Puma White', 'Puma White-Puma Black', 'Puma Black-Puma Black']",374923_01,69.2,42,3.9
258,11,"['Alpine Snow-Alpine Snow', 'PUMA Black-PUMA Black']",392787_04,100.0,3,3.7
259,14,"['Puma Black-Puma White', 'High Risk Red-Puma White', 'Gray Violet-Puma White', 'Peacoat-Puma White', 'Honey Mustard-Puma White', 'Cabernet-Puma White', 'Steel Gray-Puma White', 'Puma Black-Puma Black', 'Malachite-PUMA White']",374915_03,80.8,421,4.2
260,0,['Poison Pink-Fluro Orange Pes: out of stock'],379330_01,,0,0.0
261,13,"['Puma Black-Gum', 'Pebble-Gum']",381174_01,81.8,13,4.3
262,15,"['Puma Black-Puma White', 'High Risk Red-Puma White', 'Gray Violet-Puma White', 'Peacoat-Puma White', 'Honey Mustard-Puma White', 'Cabernet-Puma White', 'Steel Gray-Puma White', 'Puma Black-Puma Black', 'Malachite-PUMA White']",374915_89,80.8,421,4.2
263,13,"['Puma White', 'Puma Black']",380190_01,82.0,55,4.1
264,16,"['Puma Black-Gum', 'Pebble-Gum']",381174_02,81.8,13,4.3
265,18,"['Ash Gray-For All Time Red-PUMA Black', 'Myrtle-Myrtle-PUMA Black']",387272_04,93.0,64,4.7
266,17,['Warm White-Warm White'],394873_01,0.0,1,4.0
267,13,"['Inky Blue-Persian Blue', 'Cast Iron-PUMA Black']",393152_01,100.0,2,5.0
268,13,"['PUMA Black-Shadow Gray', 'PUMA White-Alpine Snow']",392718_01,,1,4.0
269,13,['Pumpkin Pie-Amber'],393260_01,,0,0.0
270,13,['PUMA Black-PUMA Silver-Yellow Blaze'],378453_01,100.0,1,5.0
271,13,['Puma White-Puma White'],387286_01,0.0,1,5.0
272,19,"['Puma White-Puma White', 'Puma White-Puma Black', 'Puma Black-Puma Black']",374923_03,69.2,42,3.9
273,18,"['PUMA Black-PUMA White-Dark Coal', 'Reflex Blue C-PUMA White-Sedate Gray']",307936_01,92.9,16,4.8
274,13,"['PUMA Black-Stormy Slate-For All Time Red', 'For All Time Red-PUMA Black-Gray Fog', 'Club Navy-PUMA Black-Electric Lime']",379601_02,,1,5.0
275,13,"['Puma Black-Harbor Mist-Cherry Tomato', 'Cherry Tomato-Puma Black', 'Puma Black-CASTLEROCK', 'PUMA Black-Cayenne-Wood Violet', 'PUMA White-Platinum Gray-Dark Night', 'PUMA Black-Gray Tile-Fast Yellow', 'PUMA Black', 'Myrtle-PUMA Black-Yellow Burst']",376151_19,78.6,18,4.2
276,18,['Sand Dune-Bold Blue-PUMA White'],307211_07,88.2,19,4.3
277,10,['Rosso Corsa-PUMA Black'],307997_01,,0,0.0
278,11,"['Puma White-Silver', 'PUMA Black-PUMA Black']",376941_12,78.1,37,4.1
279,18,"['Puma White-Puma Team Gold', 'Puma Black-Puma Team Gold']",366408_02,73.5,36,4.1
280,15,['PUMA White-PUMA Navy-PUMA Silver'],397418_01,,0,0.0
281,13,"['Puma Black-Harbor Mist-Cherry Tomato', 'Cherry Tomato-Puma Black', 'Puma Black-CASTLEROCK', 'PUMA Black-Cayenne-Wood Violet', 'PUMA White-Platinum Gray-Dark Night', 'PUMA Black-Gray Tile-Fast Yellow', 'PUMA Black', 'Myrtle-PUMA Black-Yellow Burst']",376151_04,78.6,18,4.2
282,19,['PUMA White-PUMA Black'],307999_01,,0,0.0
283,15,['PUMA Black-Dusty Green-Neon Sun'],307648_04,85.7,9,5.0
284,18,"['Puma White-Puma Team Gold', 'Puma White-Puma Black', 'Puma Black-Puma White', 'PUMA White-Malachite']",386759_01,42.9,7,3.3
285,13,"['Puma White-Puma Black-Puma Team Gold', 'Puma White-Puma New Navy-Puma Team Gold']",364669_02,80.0,47,4.2
286,17,"['Alpine Snow-Warm White', 'Icy Blue-Warm White']",393747_01,50.0,2,5.0
287,10,"['Puma Black-Puma White', 'Puma White-Puma Black', 'Peacoat-Puma White']",384139_02,100.0,4,5.0
288,19,"['Cobalt Glaze-Pelé Yellow', 'Pink Delight-PUMA Green']",393473_18,,0,0.0
289,12,"['PUMA White-PUMA Silver-Cherry Tomato', 'Cherry Tomato-PUMA Black']",380017_01,100.0,1,5.0
290,15,['Passionfruit-PUMA Green-Peach Fizz'],379908_07,,0,0.0
291,19,"['Alpine Snow-Chocolate Chip-Puma Team Gold', 'Granola-PUMA Black-Puma Team Gold']",393490_04,100.0,2,4.5
292,20,['PUMA White-PUMA Black-Vapor Gray'],397116_01,0.0,1,3.0
293,19,"['PUMA Black-PUMA White', 'Rosso Corsa-PUMA White']",307822_01,66.7,4,4.0
294,13,"['Club Navy', 'Dark Myrtle']",398352_02,100.0,4,5.0
295,19,['Rosso Corsa-Frosted Ivory'],307817_01,,0,0.0
296,19,['Sedate Gray-PUMA White'],396704_02,,0,0.0
297,19,"['Cobalt Glaze-Pelé Yellow', 'Pink Delight-PUMA Green']",393473_17,,0,0.0
298,20,"['PUMA Black-PUMA White-Fire Orchid', 'Persian Blue-Pro Green-Ultra Blue', 'Alpine Snow-Asphalt-Yellow Blaze']",107563_01,88.9,9,4.4
299,20,"['PUMA White-PUMA Black-Fire Orchid', 'PUMA Black-Asphalt', 'Ultra Blue-PUMA White-Pro Green', 'Yellow Blaze-PUMA White-PUMA Black']",107311_02,33.3,7,3.1
300,11,"['Puma White-Puma Black-Puma Team Gold', 'Puma White-Puma New Navy-Puma Team Gold']",364669_01,80.0,47,4.2
301,13,['PUMA White'],307784_02,,0,0.0
302,11,['Eucalyptus-PUMA Black-Neon Sun'],377858_06,60.0,5,3.6
303,12,"['PUMA White-PUMA Silver-Cherry Tomato', 'Cherry Tomato-PUMA Black']",380017_02,100.0,1,5.0
304,13,"['PUMA Black-Shadow Gray', 'Concrete Gray-Flat Dark Gray']",379139_03,,2,3.0
305,13,"['Puma Black-Harbor Mist-Cherry Tomato', 'Cherry Tomato-Puma Black', 'Puma Black-CASTLEROCK', 'PUMA Black-Cayenne-Wood Violet', 'PUMA White-Platinum Gray-Dark Night', 'PUMA Black-Gray Tile-Fast Yellow', 'PUMA Black', 'Myrtle-PUMA Black-Yellow Burst']",376151_01,78.6,18,4.2
306,19,"['Sugared Almond-Prairie Tan', 'PUMA Black-PUMA Black', 'PUMA White-Cobalt Glaze-PUMA Black']",389267_10,100.0,2,3.5
307,14,"['Alpine Snow-Warm White', 'Icy Blue-Warm White']",393747_02,50.0,2,5.0
308,13,"['Club Navy', 'Dark Myrtle']",398352_01,100.0,4,5.0
309,19,['PUMA White-PUMA Navy'],394687_01,,0,0.0
310,13,['Fall Foliage-Alpine Snow-Cool Light Gray'],394057_01,,0,0.0
311,13,"['PUMA Black', 'Ultra Blue-PUMA Black-PUMA Silver', 'Fire Orchid-PUMA Black-Ultra Blue', 'Yellow Burst-PUMA Black-PUMA Silver', 'Lime Pow-PUMA Black-PUMA White', 'PUMA White-Ocean Tropic-Lime Pow']",377757_11,77.4,32,4.3
312,19,"['Alpine Snow-Chocolate Chip-Puma Team Gold', 'Granola-PUMA Black-Puma Team Gold']",393490_03,100.0,2,4.5
313,13,"['PUMA Black-Shadow Gray', 'Concrete Gray-Flat Dark Gray']",379139_01,,2,3.0
314,12,"['For All Time Red-Ultra Blue', 'PUMA White-Ultra Blue']",195336_08,,0,0.0
315,13,"['PUMA Black-PUMA White', 'PUMA White-PUMA White']",307751_02,,0,0.0
316,13,['PUMA Black-Pop Red'],307986_01,,0,0.0
317,13,"['PUMA Black-Dark Coal', 'Inky Blue-PUMA Black-Neon Sun', 'Eucalyptus-Alpine Snow-PUMA Black', 'Neon Sun-PUMA Black', 'PUMA Black-Lime Pow-Active Red: out of stock']",377745_03,100.0,1,5.0
318,17,['PUMA Black-PUMA White'],307789_01,100.0,1,5.0
319,19,"['PUMA Black-PUMA White', 'PUMA White-PUMA White']",307751_01,,0,0.0
320,13,['Glacial Gray-PUMA Black'],393286_01,0.0,1,4.0
321,13,"['PUMA Black-Dark Coal', 'Inky Blue-PUMA Black-Neon Sun', 'Eucalyptus-Alpine Snow-PUMA Black', 'Neon Sun-PUMA Black', 'PUMA Black-Lime Pow-Active Red: out of stock']",377745_01,100.0,1,5.0
322,19,"['Sugared Almond-Prairie Tan', 'PUMA Black-PUMA Black', 'PUMA White-Cobalt Glaze-PUMA Black']",389267_17,100.0,2,3.5
323,19,['Cayenne Pepper-Astro Red'],393301_02,,0,0.0
324,13,"['Puma Black-Harbor Mist-Cherry Tomato', 'Cherry Tomato-Puma Black', 'Puma Black-CASTLEROCK', 'PUMA Black-Cayenne-Wood Violet', 'PUMA White-Platinum Gray-Dark Night', 'PUMA Black-Gray Tile-Fast Yellow', 'PUMA Black', 'Myrtle-PUMA Black-Yellow Burst']",376151_13,78.6,18,4.2
325,21,['PUMA Navy'],379886_01,,0,0.0
326,12,"['PUMA Black-Dark Coal', 'Inky Blue-PUMA Black-Neon Sun', 'Eucalyptus-Alpine Snow-PUMA Black', 'Neon Sun-PUMA Black', 'PUMA Black-Lime Pow-Active Red: out of stock']",377745_04,100.0,1,5.0
327,13,"['PUMA Black', 'Ultra Blue-PUMA Black-PUMA Silver', 'Fire Orchid-PUMA Black-Ultra Blue', 'Yellow Burst-PUMA Black-PUMA Silver', 'Lime Pow-PUMA Black-PUMA White', 'PUMA White-Ocean Tropic-Lime Pow']",377757_01,77.4,32,4.3
328,16,"['PUMA Black-PUMA White', 'Rosso Corsa-PUMA White']",307822_02,66.7,4,4.0
329,18,"['PUMA White-PUMA Black', 'PUMA Black-PUMA White', 'Warm White-Yellow Burst-Parakeet Green']",390932_02,,1,5.0
330,19,"['PUMA White-Sedate Gray', 'PUMA Black-Strong Gray', 'Smokey Gray-Ash Gray']",392982_01,100.0,2,5.0
331,12,['PUMA White-PUMA Silver-Cherry Tomato'],379068_04,100.0,1,5.0
332,13,['Feather Gray-Warm White'],393151_01,,0,0.0
333,13,['Frosted Ivory-Granola'],392721_01,,0,0.0
334,13,['Day Dream-Yellow Sizzle-Dark Night'],395121_01,100.0,1,5.0
335,17,"['Light Mint-PUMA Black-PUMA White', 'PUMA Black-Light Mint-PUMA White']",307920_02,75.0,4,5.0
336,9,"['Puma Black-Puma White', 'Puma White-Puma Black', 'Peacoat-Puma White']",384139_04,100.0,4,5.0
337,13,['PUMA Black'],392862_01,0.0,1,5.0
338,13,['PUMA Black-Spectra Green'],307847_01,,0,0.0
339,19,['Rosso Corsa-Frosted Ivory'],307998_01,,0,0.0
340,13,"['Puma Black-Harbor Mist-Cherry Tomato', 'Cherry Tomato-Puma Black', 'Puma Black-CASTLEROCK', 'PUMA Black-Cayenne-Wood Violet', 'PUMA White-Platinum Gray-Dark Night', 'PUMA Black-Gray Tile-Fast Yellow', 'PUMA Black', 'Myrtle-PUMA Black-Yellow Burst']",376151_02,78.6,18,4.2
341,13,"['Sand Dune-Concrete Gray-Warm White', 'Sand Dune-Concrete Gray-Granola']",393306_02,,0,0.0
342,19,['Chocolate Chip-Flaxen'],393449_02,,0,0.0
343,13,['PUMA Black-Malachite-Yellow Burst'],378472_01,,0,0.0
344,13,['PUMA Black-Astro Red-Alpine Snow'],378457_01,,0,0.0
345,13,"['PUMA Black-PUMA White', 'Eucalyptus-PUMA Black', 'PUMA White-Club Navy']",378687_02,66.7,3,5.0
346,12,"['For All Time Red-Ultra Blue', 'PUMA White-Ultra Blue']",195336_09,,0,0.0
347,13,['Amber-PUMA Black-Puma White'],307791_01,,0,0.0
348,13,"['Sand Dune-Concrete Gray-Warm White', 'Sand Dune-Concrete Gray-Granola']",393306_01,,0,0.0
349,19,['Sedate Gray-Pinktastic'],393078_01,0.0,1,4.0
350,13,"['Puma White-Puma Team Gold', 'Puma White-Puma Black', 'Puma Black-Puma White', 'PUMA White-Malachite']",386759_10,42.9,7,3.3
351,12,"['PUMA Black-Shadow Gray', 'PUMA White-Alpine Snow']",392718_04,0.0,1,4.0
352,19,['PUMA Black-Frosted Ivory'],393115_02,,1,5.0
353,13,"['Puma Black-Harbor Mist-Cherry Tomato', 'Cherry Tomato-Puma Black', 'Puma Black-CASTLEROCK', 'PUMA Black-Cayenne-Wood Violet', 'PUMA White-Platinum Gray-Dark Night', 'PUMA Black-Gray Tile-Fast Yellow', 'PUMA Black', 'Myrtle-PUMA Black-Yellow Burst']",376151_22,78.6,18,4.2
354,13,['Smokey Gray-Cool Light Gray'],394798_01,,0,0.0
355,12,"['PUMA White-PUMA Black', 'PUMA Black-PUMA White', 'Warm White-Yellow Burst-Parakeet Green']",390932_01,,1,5.0
356,13,['Warm White-Club Navy'],395773_02,,0,0.0
357,15,['PUMA Black-PUMA White-Lime Squeeze'],378541_02,100.0,2,3.0
358,12,['Dusty Tan'],378434_02,,1,2.0
359,19,"['PUMA Black-Warm White', 'Rosso Corsa-Warm White']",307826_02,,0,0.0
360,13,"['PUMA Black-Dark Coal', 'Neon Sun-Clementine-PUMA Black']",307684_01,,0,0.0
361,11,['Ultra Blue-Luminous Pink-Luminous Blue'],107553_01,,0,0.0
362,12,['PUMA Black-PUMA Silver'],378474_01,100.0,1,5.0
363,19,"['PUMA Black-Warm White', 'Rosso Corsa-Warm White']",307826_01,,0,0.0
364,19,['PUMA White'],393114_01,,0,0.0
365,19,"['Sugared Almond-Prairie Tan', 'PUMA Black-PUMA Black', 'PUMA White-Cobalt Glaze-PUMA Black']",389267_19,100.0,2,3.5
366,12,"['PUMA Black', 'Ultra Blue-PUMA Black-PUMA Silver', 'Fire Orchid-PUMA Black-Ultra Blue', 'Yellow Burst-PUMA Black-PUMA Silver', 'Lime Pow-PUMA Black-PUMA White', 'PUMA White-Ocean Tropic-Lime Pow']",377757_15,77.4,32,4.3
367,15,"['Bold Blue-Dark Clove-Pro Green-Fire Orchid-Koral Ice', 'Lime Squeeze-PUMA White']",379079_05,57.1,7,4.6
368,13,"['Inky Blue-Persian Blue', 'Cast Iron-PUMA Black']",393152_02,100.0,2,5.0
369,12,"['PUMA Black-PUMA White', 'PUMA White-Inky Blue']",389365_06,,0,0.0
370,13,"['PUMA Black-Dark Coal', 'PUMA Black-Yellow Burst-Malachite']",378734_02,,0,0.0
371,17,['PUMA White-Vivid Violet'],107473_01,,0,0.0
372,0,['Turquoise Surf-Grape Mist: out of stock'],395737_02,,0,0.0
373,13,['PUMA White-Olive Drab'],393277_02,,0,0.0
374,12,['Pristine-Elektro Purple'],386329_06,75.0,5,4.6
375,13,['PUMA White-Flaxen-Apple Cider'],393136_01,,0,0.0
376,13,"['PUMA Black-Dark Coal', 'Inky Blue-PUMA Black-Neon Sun', 'Eucalyptus-Alpine Snow-PUMA Black', 'Neon Sun-PUMA Black', 'PUMA Black-Lime Pow-Active Red: out of stock']",377745_05,100.0,1,5.0
377,19,['PUMA Black-Frosted Ivory'],393115_02,,1,5.0
378,15,"['Bold Blue-Dark Clove-Pro Green-Fire Orchid-Koral Ice', 'Lime Squeeze-PUMA White']",379079_03,57.1,7,4.6
379,13,['PUMA Black-PUMA Red'],396127_01,,0,0.0
380,10,['Ultra Blue-Jet Black'],307756_01,,0,0.0
381,13,['Dark Night-Royal Sapphire'],379291_01,0.0,1,3.0
382,12,"['PUMA Black-PUMA White', 'PUMA White-Inky Blue']",389365_05,,0,0.0
383,13,['Speed Green-PUMA Silver-PUMA Black'],378455_07,50.0,2,3.0
384,13,"['Icy Blue-Icy Blue', 'Feather Gray-Feather Gray']",393941_01,,0,0.0
385,13,"['Warm White-Granola', 'Warm White-Parisian Night']",394799_03,,0,0.0
386,12,['PUMA Black-Dark Coal'],307771_01,100.0,1,5.0
387,15,['PUMA White-Fire Orchid-Vivid Violet-Sedate Gray'],107474_01,,0,0.0
388,13,"['PUMA Black-Dark Coal', 'Neon Sun-Clementine-PUMA Black']",307684_04,,0,0.0
389,13,"['PUMA Black-PUMA White', 'Eucalyptus-PUMA Black', 'PUMA White-Club Navy']",378687_06,66.7,3,5.0
390,13,"['PUMA Black', 'Ultra Blue-PUMA Black-PUMA Silver', 'Fire Orchid-PUMA Black-Ultra Blue', 'Yellow Burst-PUMA Black-PUMA Silver', 'Lime Pow-PUMA Black-PUMA White', 'PUMA White-Ocean Tropic-Lime Pow']",377757_13,77.4,32,4.3
391,0,"['Pelé Yellow-Club Red: out of stock', 'Fresh Mint-Fast Pink', 'Vine-Clementine', 'Cobalt Glaze-PUMA White', 'Club Red-Club Navy: out of stock']",396463_01,66.7,4,4.3
392,13,['PUMA Black-Yellow Burst-Malachite'],378459_01,,0,0.0
393,0,"['Pelé Yellow-Club Red: out of stock', 'Fresh Mint-Fast Pink', 'Vine-Clementine', 'Cobalt Glaze-PUMA White', 'Club Red-Club Navy: out of stock']",396463_09,66.7,4,4.3
394,19,"['PUMA White-Feather Gray', 'PUMA Black-Silver Mist']",397263_02,,0,0.0
395,13,"['PUMA Black', 'Ultra Blue-PUMA Black-PUMA Silver', 'Fire Orchid-PUMA Black-Ultra Blue', 'Yellow Burst-PUMA Black-PUMA Silver', 'Lime Pow-PUMA Black-PUMA White', 'PUMA White-Ocean Tropic-Lime Pow']",377757_19,77.4,32,4.3
396,13,"['Warm White-Granola', 'Warm White-Parisian Night']",394799_02,,0,0.0
397,19,"['PUMA White-Feather Gray', 'PUMA Black-Silver Mist']",397263_01,,0,0.0
398,13,"['PUMA Black', 'Ultra Blue-PUMA Black-PUMA Silver', 'Fire Orchid-PUMA Black-Ultra Blue', 'Yellow Burst-PUMA Black-PUMA Silver', 'Lime Pow-PUMA Black-PUMA White', 'PUMA White-Ocean Tropic-Lime Pow']",377757_18,77.4,32,4.3
399,13,"['Puma Black', 'PUMA Black-Ocean Tropic-Lime Pow', 'Lime Pow-PUMA Black-PUMA White']",376807_19,81.5,28,4.3
400,13,"['Puma Black', 'PUMA Black-Ocean Tropic-Lime Pow', 'Lime Pow-PUMA Black-PUMA White']",376807_20,81.5,28,4.3
401,1,['Rosso Corsa-PUMA Black'],308181_01,,0,0.0
402,15,['PUMA White-Pristine'],392086_01,,0,0.0
403,0,"['PUMA Black-Dark Coal', 'Inky Blue-PUMA Black-Neon Sun', 'Eucalyptus-Alpine Snow-PUMA Black', 'Neon Sun-PUMA Black', 'PUMA Black-Lime Pow-Active Red: out of stock']",377745_06,100.0,1,5.0
404,1,['PUMA Black-PUMA White'],308271_01,,1,3.0
405,14,"['Fire Orchid-Puma Black', 'Ultra Blue-Fire Orchid']",195337_19,79.5,44,4.4
406,12,"['Puma Black-Harbor Mist-Cherry Tomato', 'Cherry Tomato-Puma Black', 'Puma Black-CASTLEROCK', 'PUMA Black-Cayenne-Wood Violet', 'PUMA White-Platinum Gray-Dark Night', 'PUMA Black-Gray Tile-Fast Yellow', 'PUMA Black', 'Myrtle-PUMA Black-Yellow Burst']",376151_17,78.6,18,4.2
407,12,['CASTLEROCK-Puma Black-High Risk Red'],385754_01,100.0,2,4.5
408,13,"['Pelé Yellow-Club Red: out of stock', 'Fresh Mint-Fast Pink', 'Vine-Clementine', 'Cobalt Glaze-PUMA White', 'Club Red-Club Navy: out of stock']",396463_07,66.7,4,4.3
409,13,['PUMA Black'],379286_01,,0,0.0
410,15,"['PUMA White-Team Regal Red', 'PUMA White-Yellow Sizzle']",394684_01,,0,0.0
411,16,['Sedate Gray-Sedate Gray'],393314_02,100.0,1,3.0
412,13,['Fire Orchid-PUMA Silver'],377315_07,87.5,10,4.0
413,15,['PUMA White-PUMA White'],392085_01,66.7,3,3.7
414,17,['Sun Stream-Sunset Glow-PUMA Black'],379557_01,,0,0.0
415,18,"['PUMA White-PUMA Black-Fire Orchid', 'PUMA Black-Asphalt', 'Ultra Blue-PUMA White-Pro Green', 'Yellow Blaze-PUMA White-PUMA Black']",107311_03,33.3,7,3.1
416,19,['Ultra Orange-PUMA Black'],378096_02,0.0,2,3.5
417,21,"['PUMA Black-Warm White-Gum', 'Speed Blue-Lime Pow-Gum', 'Lavender Alert-Burnt Red-Gum']",396403_02,100.0,2,5.0
418,12,"['PUMA White-PUMA Black', 'PUMA Black-PUMA White', 'Warm White-Yellow Burst-Parakeet Green']",390932_09,,1,5.0
419,19,['Silver Sky-Persian Blue-PUMA White'],107293_01,100.0,1,5.0
420,13,"['Icy Blue-Icy Blue', 'Feather Gray-Feather Gray']",393941_02,,0,0.0
421,17,['Persian Blue-Orange Brick'],393326_01,25.0,4,3.0
422,15,['For All Time Red-Dark Orange-PUMA Black'],395281_01,,0,0.0
423,12,['Granola-Sand Dune-PUMA Black-Spring Fern'],395033_01,0.0,1,5.0
424,18,"['PUMA Black-PUMA White', 'Persian Blue-Pro Green-Ultra Blue', 'Alpine Snow-Asphalt-Yellow Blaze']",107566_03,50.0,2,4.5
425,19,['PUMA White-PUMA Black-Concrete Gray'],107340_02,0.0,1,3.0
426,10,"['Puma Black-Puma White', 'Puma White-Puma Black', 'Peacoat-Puma White']",384139_01,100.0,4,5.0
427,19,"['PUMA Black-PUMA White-Fire Orchid', 'Persian Blue-Pro Green-Ultra Blue', 'Alpine Snow-Asphalt-Yellow Blaze']",107563_05,88.9,9,4.4
428,12,['PUMA Black-PUMA Black'],307954_01,,0,0.0
429,18,"['PUMA Black-PUMA White-Fire Orchid', 'Persian Blue-Pro Green-Ultra Blue', 'Alpine Snow-Asphalt-Yellow Blaze']",107563_04,88.9,9,4.4
430,13,"['Ultra Blue-PUMA White-Pro Green', 'Yellow Blaze-PUMA White-PUMA Black']",107422_03,100.0,2,3.0
431,12,['Fire Orchid-Ultra Blue-PUMA White'],376591_08,100.0,2,4.5
432,14,['PUMA White-For All Time Red'],393196_01,,0,0.0
433,18,['Sun Stream-Sunset Glow-PUMA Black'],378222_03,50.0,2,3.0
434,15,"['PUMA White-Vapor Gray-Gum', 'PUMA Black-Feather Gray-Gum']",396464_01,75.0,9,3.9
435,21,"['PUMA Black-Warm White-Gum', 'Speed Blue-Lime Pow-Gum', 'Lavender Alert-Burnt Red-Gum']",396403_03,100.0,2,5.0
436,14,"['Light Mint-PUMA Black-PUMA White', 'PUMA Black-Light Mint-PUMA White']",307920_01,75.0,4,5.0
437,12,['Eucalyptus-Neon Sun'],378550_05,,0,0.0
438,11,['Dusty Tan'],378436_02,,1,5.0
439,19,"['PUMA White-Vapor Gray-Gum', 'PUMA Black-Feather Gray-Gum']",396464_03,75.0,9,3.9
440,14,"['Fire Orchid-Puma Black', 'Ultra Blue-Fire Orchid']",195337_16,79.5,44,4.4
441,13,['Persian Blue-PUMA White-Pro Green'],107374_03,100.0,1,5.0
442,17,"['Fast Yellow-PUMA Navy-PUMA White', 'PUMA White-PUMA Black-Team Light Blue', 'PUMA White-Ravish-Fast Yellow', 'PUMA Navy-Fast Yellow-Puma White']",107296_04,55.6,11,3.7
443,13,"['Pelé Yellow-Club Red: out of stock', 'Fresh Mint-Fast Pink', 'Vine-Clementine', 'Cobalt Glaze-PUMA White', 'Club Red-Club Navy: out of stock']",396463_02,66.7,4,4.3
444,15,"['PUMA White-PUMA Black-Fire Orchid', 'PUMA Black-Asphalt', 'Ultra Blue-PUMA White-Pro Green', 'Yellow Blaze-PUMA White-PUMA Black']",107311_04,33.3,7,3.1
445,12,"['Pelé Yellow-Club Red: out of stock', 'Fresh Mint-Fast Pink', 'Vine-Clementine', 'Cobalt Glaze-PUMA White', 'Club Red-Club Navy: out of stock']",396463_05,66.7,4,4.3
446,19,"['Persian Blue-PUMA White-Pro Green', 'Sedate Gray-Asphalt-Yellow Blaze']",107355_03,26.3,20,1.9
447,12,"['PUMA Black-Luminous Blue-Electric Orchid', 'PUMA White-Luminous Blue-Electric Orchid']",380007_01,,3,4.7
448,10,['PUMA White-Rosso Corsa'],307996_01,,0,0.0
449,11,['Frosted Ivory-Vapor Gray'],393157_01,,0,0.0
450,9,['Flat Medium Gray-Pop Red-PUMA Black'],308277_01,,0,0.0
451,13,"['PUMA Black-PUMA White', 'Eucalyptus-PUMA Black', 'PUMA White-Club Navy']",378687_01,66.7,3,5.0
452,12,"['Puma White', 'Puma Black']",380190_02,82.0,55,4.1
453,13,"['Persian Blue-PUMA White-Pro Green', 'Sedate Gray-Asphalt-Yellow Blaze']",107361_04,33.3,5,4.4
454,15,"['PUMA White-PUMA Navy-Lime Squeeze', 'PUMA White-For All Time Red']",379081_04,50.0,2,3.5
455,13,['PUMA White-Racing Blue-Lemon Meringue-Parakeet Green'],107610_01,100.0,2,5.0
456,7,"['Green Gecko-Prism Violet', 'PUMA Green-Fluro Yellow Pes-Fluro Green Pes']",394223_01,0.0,1,1.0
457,13,['PUMA Black-Pop Red'],307940_01,,1,5.0
458,17,"['Persian Blue-PUMA White-Pro Green', 'Sedate Gray-Asphalt-Yellow Blaze']",107355_04,,20,1.9
459,11,['PUMA Black-Yellow Blaze-Strawberry Burst'],378465_01,100.0,1,5.0
460,12,['PUMA Black-Malachite-Yellow Burst'],377507_04,100.0,1,2.0
461,12,"['PUMA Black-Luminous Blue-Electric Orchid', 'PUMA White-Luminous Blue-Electric Orchid']",380007_02,,3,4.7
462,11,['PUMA Green-Spring Fern-PUMA Black'],395032_01,50.0,3,3.0
463,11,['Archive Green-Warm White'],393167_02,100.0,6,4.3
464,12,['Bright Melon-Frosted Ivory'],393084_01,,0,0.0
465,14,['Luminous Pink-Ultra Blue-Yellow Alert'],107540_01,,0,0.0
466,12,['PUMA Black-Yellow Blaze-Strawberry Burst'],378683_01,,0,0.0
467,15,"['PUMA White-PUMA Navy-Lime Squeeze', 'PUMA White-For All Time Red']",379081_03,50.0,2,3.5
468,18,"['PUMA White-PUMA Black-Fire Orchid', 'Ultra Blue-PUMA White-Pro Green']",107521_03,50.0,2,2.5
469,17,"['Fast Yellow-PUMA Navy-PUMA White', 'PUMA White-PUMA Black-Team Light Blue', 'PUMA White-Ravish-Fast Yellow', 'PUMA Navy-Fast Yellow-Puma White']",107296_01,55.6,11,3.7
470,13,['Purple Charcoal-Fast Yellow-Ravish-PUMA White'],107539_01,,0,0.0
471,13,"['PUMA White-PUMA Black-Fire Orchid', 'Ultra Blue-PUMA White-Pro Green']",107522_03,,1,3.0
472,12,"['PUMA Black-Dark Coal', 'PUMA Black-Yellow Burst-Malachite']",378734_01,,0,0.0
473,16,"['PUMA Black-PUMA White', 'Persian Blue-Pro Green-Ultra Blue', 'Alpine Snow-Asphalt-Yellow Blaze']",107566_02,50.0,2,4.5
474,12,"['Fast Yellow-PUMA Navy-PUMA White', 'PUMA White-PUMA Black-Team Light Blue', 'PUMA White-Ravish-Fast Yellow', 'PUMA Navy-Fast Yellow-Puma White']",107296_03,55.6,11,3.7
475,12,"['PUMA White-Team Regal Red', 'PUMA White-Yellow Sizzle']",394684_02,,0,0.0
476,16,"['Fast Yellow-PUMA Navy-PUMA White', 'PUMA White-PUMA Black-Team Light Blue', 'PUMA White-Ravish-Fast Yellow', 'PUMA Navy-Fast Yellow-Puma White']",107296_02,55.6,11,3.7
477,6,"['Green Gecko-Prism Violet', 'PUMA Green-Fluro Yellow Pes-Fluro Green Pes']",394223_04,0.0,1,1.0
478,18,['Sun Stream-Sunset Glow-Puma Black'],377001_01,,1,5.0
479,13,['Alpine Snow-Cool Dark Gray-Astro Red'],379113_01,,0,0.0
480,11,"['Puma Black-Harbor Mist-Cherry Tomato', 'Cherry Tomato-Puma Black', 'Puma Black-CASTLEROCK', 'PUMA Black-Cayenne-Wood Violet', 'PUMA White-Platinum Gray-Dark Night', 'PUMA Black-Gray Tile-Fast Yellow', 'PUMA Black', 'Myrtle-PUMA Black-Yellow Burst']",376151_15,78.6,18,4.2
481,12,['PUMA Black-Alpine Snow-PUMA Gold-PUMA White'],107609_01,,0,0.0
482,13,"['Persian Blue-PUMA White-Pro Green', 'Sedate Gray-Asphalt-Yellow Blaze']",107361_03,33.3,5,4.4
483,13,['Persian Blue-PUMA White-Pro Green'],107375_03,50.0,3,3.7
484,11,['Dark Jasper-Frosted Ivory'],391962_06,50.0,4,4.3
485,0,[],379652_01,75.0,4,4.0
486,0,[],378580_01,,8,4.6
487,10,"['Puma Black-Puma Black', 'Putty-Putty']",385296_02,80.0,20,4.2
488,11,"['Puma Black-Puma Black', 'Putty-Putty']",385296_03,80.0,20,4.2
489,11,['Puma Black-Whisper White'],386600_01,50.0,4,5.0
490,14,"['PUMA White-PUMA Black-Fire Orchid', 'PUMA Black-Asphalt', 'Ultra Blue-PUMA White-Pro Green', 'Yellow Blaze-PUMA White-PUMA Black']",107311_01,33.3,7,3.1
491,19,['PUMA White-Puma Team Gold'],397572_01,,2,4.5
492,18,"['Deep Lichen Green-Dark Olive', 'Tapioca-Pebble']",391610_01,100.0,10,4.5
493,19,"['Day Dream-Evening Sky-PUMA White', 'Fizzy Apple-Platinum Gray-PUMA White']",394981_02,81.8,16,4.3
494,19,"['Malachite-Warm White', 'PUMA Black-PUMA Black']",397112_01,100.0,1,5.0
495,19,"['Deep Lichen Green-Dark Olive', 'Tapioca-Pebble']",391610_02,100.0,10,4.5
496,19,"['Malachite-Warm White', 'PUMA Black-PUMA Black']",397112_02,100.0,1,5.0
497,11,"['Orange Brick-Clementine', 'Hero Blue-Electric Peppermint']",390717_01,60.0,5,3.4
498,19,"['New Navy-Warm White', 'Alpine Snow-Warm White']",392435_01,,0,0.0
499,19,['Inky Blue-PUMA Black-Sand Dune'],396672_01,,0,0.0
500,6,['Puma Black-Puma White'],382112_01,95.2,21,4.8
501,11,['Ribbon Red-Puma White-Puma Team Gold'],366608_07,,57,3.4
502,11,"['PUMA White-PUMA White-Spectra Green', 'Spectra Green-PUMA Black-Puma Black']",307891_01,80.0,8,4.6
503,19,"['PUMA White-Sedate Gray', 'PUMA Black-Strong Gray', 'Smokey Gray-Ash Gray']",392982_04,100.0,2,5.0
504,19,"['PUMA White-Sedate Gray', 'PUMA Black-Strong Gray', 'Smokey Gray-Ash Gray']",392982_05,100.0,2,5.0
505,11,"['PUMA White-PUMA White-Spectra Green', 'Spectra Green-PUMA Black-Puma Black']",307891_02,80.0,8,4.6
506,12,['Sand Dune-PUMA White-PUMA Black'],307778_03,85.7,10,4.3
507,11,"['Puma White-Puma Team Gold', 'Puma White-Puma Black', 'Puma Black-Puma White', 'PUMA White-Malachite']",386759_03,42.9,7,3.3
508,14,['PUMA Black-Myrtle-Dark Clove-Bold Blue-Electric Blush'],379087_01,,1,4.0
509,13,['Chili Powder-PUMA Black'],377044_07,62.5,8,3.6
510,13,"['PUMA Black-Speed Yellow', 'Rosso Corsa-PUMA Black']",307959_01,,0,0.0
511,13,['PUMA Red-Clyde Royal'],393116_01,66.7,5,3.4
512,12,['Sand Dune-PUMA Black-Racing Blue'],396106_01,50.0,2,4.0
513,13,['Fast Yellow-PUMA Black'],377827_01,100.0,2,4.0
514,13,"['Orange Brick-Clementine', 'Hero Blue-Electric Peppermint']",390717_04,60.0,5,3.4
515,13,"['PUMA White-Ultra Blue', 'Glacial Gray-Green Fog', 'PUMA White-Peach Smoothie', 'Glacial Gray-Icy Blue', 'PUMA White-Vivid Violet']",392724_01,100.0,2,5.0
516,15,"['PUMA Black-Ultra Blue-PUMA White-Platinum Gray', 'PUMA Black-Sedate Gray-PUMA White-Metallic Gold']",376582_32,23.8,23,2.0
517,19,['Ash Gray-Ultra Blue'],392983_02,,0,0.0
518,18,"['PUMA White-Ultra Blue', 'Glacial Gray-Green Fog', 'PUMA White-Peach Smoothie', 'Glacial Gray-Icy Blue', 'PUMA White-Vivid Violet']",392724_04,100.0,2,5.0
519,13,"['PUMA Black-Speed Yellow', 'Rosso Corsa-PUMA Black']",307959_02,,0,0.0
520,13,['PUMA White-Malachite-Dark Coal'],396087_01,,0,0.0
521,6,['Strawberry Burst-Pinktastic-Spectra Green-Warm White'],394628_01,,0,0.0
522,13,['Spectra Green-PUMA Silver'],307649_01,100.0,1,5.0
523,10,['Ash Gray-Ash Gray'],307758_01,,0,0.0
524,13,['PUMA White-Nitro Blue'],390196_01,,0,0.0
525,15,"['Day Dream-Evening Sky-PUMA White', 'Fizzy Apple-Platinum Gray-PUMA White']",394981_01,81.8,16,4.3
526,13,['Sun Stream-Sunset Glow-Puma Black'],376999_01,100.0,1,5.0
527,12,['PUMA Black-PUMA Black-Burnt Red'],394491_01,100.0,2,4.5
528,13,['PUMA White-Warm White-Cool Light Gray'],392434_01,,1,1.0
529,12,['Warm White-PUMA Black'],394885_01,,0,0.0
530,19,['Clyde Royal-Harbor Mist-PUMA Black-Fire Orchid'],379096_01,100.0,1,5.0
531,11,['Myrtle-Fall Foliage'],396075_01,100.0,9,4.8
532,11,['Pebble Gray-Pebble Gray-Fizzy Apple'],389160_01,100.0,2,4.5
533,11,['Green Fog-Hot Heat-Yellow Sizzle'],394018_01,100.0,1,5.0
534,12,['Bluemazing-Puma Black'],387499_01,,4,3.8
535,14,"['PUMA White-Ultra Blue', 'Glacial Gray-Green Fog', 'PUMA White-Peach Smoothie', 'Glacial Gray-Icy Blue', 'PUMA White-Vivid Violet']",392724_05,100.0,2,5.0
536,12,['PUMA Black-Yellow Burst'],393646_02,,0,0.0
537,15,['PUMA Black-PUMA White-PUMA Red'],377959_03,,0,0.0
538,13,"['PUMA Black-Ultra Blue-PUMA White-Platinum Gray', 'PUMA Black-Sedate Gray-PUMA White-Metallic Gold']",376582_31,23.8,23,2.0
539,11,['PUMA Black-PUMA Red-Pitch Green'],396138_01,,0,0.0
540,13,"['PUMA White-Ultra Blue', 'Glacial Gray-Green Fog', 'PUMA White-Peach Smoothie', 'Glacial Gray-Icy Blue', 'PUMA White-Vivid Violet']",392724_07,100.0,2,5.0
541,13,['Inky Blue-Neon Sun'],377854_05,100.0,5,5.0
542,11,"['PUMA White-PUMA Black', 'Alpine Snow-Warm White-PUMA Black']",394933_09,,0,0.0
543,13,['PUMA White'],307859_01,,1,1.0
544,15,['Sun Stream-Sunset Glow'],387654_01,100.0,7,4.6
545,12,['PUMA Silver-PUMA Silver'],307571_01,100.0,4,4.5
546,11,"['Flat Dark Gray-Frosted Ivory', 'Concrete Gray-Frosted Ivory']",393752_01,100.0,1,5.0
547,15,['Frosted Ivory'],378986_02,,0,0.0
548,12,"['Puma White-Puma Team Gold', 'Puma White-Puma Black', 'Puma Black-Puma White', 'PUMA White-Malachite']",386759_02,42.9,7,3.3
549,12,['Harbor Mist-Pristine-Warm White'],393390_01,,6,4.2
550,6,['PUMA Black-PUMA Silver'],307475_02,,0,0.0
551,11,"['PUMA White-PUMA Black', 'Alpine Snow-Warm White-PUMA Black']",394933_01,,0,0.0
552,12,['PUMA White-Team Violet'],378052_05,91.7,13,4.8
553,16,"['PUMA Black-PUMA White', 'Persian Blue-Pro Green-Ultra Blue', 'Alpine Snow-Asphalt-Yellow Blaze']",107566_01,50.0,2,4.5
554,13,['Sedate Gray-Frosted Ivory'],393231_04,,0,0.0
555,13,['Sun Stream-Sunset Glow-Puma Black'],377007_01,100.0,2,5.0
556,12,['PUMA Black-Frosted Ivory'],394544_01,100.0,2,3.5
557,12,['PUMA White-Bold Blue'],392865_02,,0,0.0
558,12,['PUMA White-PUMA Black-PUMA Red'],377962_03,,0,0.0
559,12,['PUMA White-PUMA Black-PUMA Red'],377000_02,100.0,1,5.0
560,13,['PUMA Black-Pelé Yellow-Archive Green-Racing Blue-PUMA White'],379137_01,,1,5.0
561,6,['PUMA White'],307506_01,,1,4.0
562,13,"['Flat Dark Gray-Frosted Ivory', 'Concrete Gray-Frosted Ivory']",393752_02,100.0,1,5.0
563,14,"['PUMA Black-Hot Heat', 'PUMA Black-PUMA Green']",393813_02,100.0,1,5.0
564,10,['Ash Gray-Ash Gray'],307759_01,,0,0.0
565,11,['Warm White-PUMA White'],394635_01,100.0,1,5.0
566,10,['Persian Blue-Persian Blue'],307760_02,,0,0.0
567,13,['PUMA Black-PUMA White'],390972_01,66.7,3,4.0
568,13,"['Purple Glimmer-Bright Aqua-PUMA White', 'Ash Gray-PUMA White-PUMA Black-Ultra Blue-Team Aqua']",379013_07,,0,0.0
569,12,['Puma White-Puma White'],388640_02,80.0,6,3.8
570,14,['Sun Stream-PUMA Black-PUMA Silver'],377961_01,,1,4.0
571,13,['Sun Stream-Sunset Glow-Puma Black'],377005_01,,0,0.0
572,12,"['Smoked Pearl-PUMA Black-Warm White', 'PUMA White-Gray Violet-Warm White']",307897_01,,0,0.0
573,7,"['Puma Black-High Rise', 'Marshmallow-Puma Black', 'Deep Forest-Puma Black']",374862_02,100.0,14,4.8
574,13,"['Purple Glimmer-Bright Aqua-PUMA White', 'Ash Gray-PUMA White-PUMA Black-Ultra Blue-Team Aqua']",379013_06,,0,0.0
575,13,"['PUMA White-Ultra Blue', 'Glacial Gray-Green Fog', 'PUMA White-Peach Smoothie', 'Glacial Gray-Icy Blue', 'PUMA White-Vivid Violet']",392724_03,100.0,2,5.0
576,13,['Royal Sapphire-Ravish'],378278_01,100.0,4,4.8
577,14,['Sun Stream-Sunset Glow-Puma Black'],377379_01,,0,0.0
578,7,"['Puma Black-High Rise', 'Marshmallow-Puma Black', 'Deep Forest-Puma Black']",374862_09,100.0,14,4.8
579,13,"['Smoked Pearl-PUMA Black-Warm White', 'PUMA White-Gray Violet-Warm White']",307897_02,,0,0.0
580,17,['PUMA White-PUMA Black'],393266_02,66.7,3,4.7
581,12,['Puma White-PUMA Team Royal'],387998_12,100.0,4,5.0
582,11,"['PUMA Black-Hot Heat', 'PUMA Black-PUMA Green']",393813_01,100.0,1,5.0
583,13,['Minty Burst-Warm White'],390129_01,,1,4.0
584,13,['PUMA White-Ultra Blue-Feather Gray'],394552_01,100.0,6,5.0
585,13,"['New Navy-Warm White', 'Alpine Snow-Warm White']",392435_02,,0,0.0
586,13,"['PUMA White-Astro Red', 'PUMA White-Myrtle']",387327_06,100.0,1,5.0
587,14,['Deep Orchid-Puma White'],194478_04,,0,0.0
588,7,"['Puma Black-High Rise', 'Marshmallow-Puma Black', 'Deep Forest-Puma Black']",374862_10,100.0,14,4.8
589,13,['Feather Gray-Cool Dark Gray-Warm White'],393176_03,,0,0.0
590,12,['Elektro Peach-Puma Black-Puma Silver'],194475_02,0.0,1,1.0
591,12,['Ash Gray-Cast Iron'],393161_01,83.3,7,4.3
592,13,['Warm White-Malachite'],393647_01,,0,0.0
593,12,"['PUMA White-Astro Red', 'PUMA White-Myrtle']",387327_07,100.0,1,5.0
594,12,['PUMA Black'],307780_01,,0,0.0
595,13,['PUMA White-PUMA Black'],390127_01,33.3,3,2.3
596,16,['Puma Black-Puma White'],376615_01,50.0,6,3.2
597,13,['Puma White-Puma Black'],388549_01,86.7,15,4.5
598,11,['Granola-Green Lagoon'],307576_02,,0,0.0
599,11,['Sand Dune-PUMA Black-PUMA White'],307913_01,0.0,1,5.0
600,15,['Sun Stream-Sunset Glow-Puma Black'],376922_01,33.3,3,3.0
601,12,['Red Blast-Fast Yellow-PUMA Black'],106879_04,75.0,4,4.3
602,12,['Puma White-Varsity Green-Tangerine-Nasturtium'],388557_02,,0,0.0
603,11,['Puma Black-Burnt Red'],194095_09,70.4,95,3.9
604,13,"['PUMA White-PUMA Black-Fire Orchid', 'Ultra Blue-PUMA White-Pro Green']",107521_01,50.0,2,2.5
605,11,['PUMA White-Green Fog-Hot Heat-Yellow Sizzle'],394017_01,,0,0.0
606,13,"['PUMA White-PUMA Black-Fire Orchid', 'Ultra Blue-PUMA White-Pro Green']",107522_01,,1,3.0
607,11,['Feather Gray-Royal Sapphire'],388920_06,100.0,2,5.0
608,11,['Bold Blue-PUMA Black-PUMA White'],307462_05,100.0,4,5.0
609,11,['Puma Black-Puma White-Blazing Yellow'],307322_01,100.0,3,4.7
610,11,['Intense Lavender-PUMA Black'],390052_02,,0,0.0
611,11,['Warm White-Malachite'],392725_07,100.0,14,4.8
612,17,"['white-black', 'black-white-puma silver', 'white-new navy', 'black-black']",353572_04,80.4,188,4.1
613,17,"['white-black', 'black-white-puma silver', 'white-new navy', 'black-black']",353572_11,80.4,188,4.1
614,20,"['white-black', 'black-white-puma silver', 'white-new navy', 'black-black']",353572_12,80.4,188,4.1
615,14,"['Puma Black-Puma White', 'Forest Night-Puma White', 'Ribbon Red-Puma White', 'Peacoat-Puma White', 'Puma Black-Puma Black']",307171_01,91.9,77,4.4
616,16,"['Puma Black-Puma White', 'Forest Night-Puma White', 'Ribbon Red-Puma White', 'Peacoat-Puma White', 'Puma Black-Puma Black']",307171_07,91.9,77,4.4
617,18,"['Puma Black-Puma White', 'Forest Night-Puma White', 'Ribbon Red-Puma White', 'Peacoat-Puma White', 'Puma Black-Puma Black']",307171_05,91.9,77,4.4
618,20,"['white-black', 'black-white-puma silver', 'white-new navy', 'black-black']",353572_17,80.4,188,4.1
619,17,"['Puma Black-Puma White-Amazon Green', 'Quarry-Puma White', 'High Risk Red-Puma White', 'Pumpkin Pie-PUMA White']",380205_03,70.4,31,4.4
620,18,"['Puma Black-Puma White', 'Forest Night-Puma White', 'Ribbon Red-Puma White', 'Peacoat-Puma White', 'Puma Black-Puma Black']",307171_04,91.9,77,4.4
621,14,"['Puma Black-Puma White-Amazon Green', 'Quarry-Puma White', 'High Risk Red-Puma White', 'Pumpkin Pie-PUMA White']",380205_01,70.4,31,4.4
622,16,"['Puma Black-Puma White', 'Forest Night-Puma White', 'Ribbon Red-Puma White', 'Peacoat-Puma White', 'Puma Black-Puma Black']",307171_06,91.9,77,4.4
623,17,"['Puma Black-Puma White-Amazon Green', 'Quarry-Puma White', 'High Risk Red-Puma White', 'Pumpkin Pie-PUMA White']",380205_02,70.4,31,4.4
624,11,"['Puma Black-Puma White-Amazon Green', 'Quarry-Puma White', 'High Risk Red-Puma White', 'Pumpkin Pie-PUMA White']",380205_16,70.4,31,4.4
625,19,['PUMA Black-Frosted Ivory'],396057_01,,0,0.0
626,18,['Sun Stream-Sunset Glow-PUMA Black'],379098_01,,0,0.0
627,13,['PUMA White-Archive Green'],393199_01,,0,0.0
