,ShoeName,URL,no_colors,price_reduce,price,Category,Brand,product_code
0,Brown/maroon Canvas shoes for women,https://www.woodlandworldwide.com/productinfo/FLC0310S2602A-BROWN_MAROON,2,26.96,53.94,Women,WoodLand,FLC0310S2602A
1,Lgrey sneaker for women,https://www.woodlandworldwide.com/productinfo/FLC015044221A-LGREY,3,59.94,59.94,Women,WoodLand,FLC015044221A
2,Woodland DCadet Blue casual sneakers,https://www.woodlandworldwide.com/productinfo/FLC0H9026391B-DCADET_BLUE,2,59.94,59.94,Women,WoodLand,FLC0H9026391B
3,Variglia Sneakers for Women,https://www.woodlandworldwide.com/productinfo/FLC051044211A-VARIGLIA,3,53.94,53.94,Women,WoodLand,FLC051044211A
4,DBLUE casual sneakers,https://www.woodlandworldwide.com/productinfo/FGC0AI024031B-DBLUE,1,29.96,59.94,Women,WoodLand,FGC0AI024031B
5,White canvas shoes for women,https://www.woodlandworldwide.com/productinfo/FLC0310S2622A-WHITE,2,26.96,53.94,Women,WoodLand,FLC0310S2622A
6,White Sneakers for women,https://www.woodlandworldwide.com/productinfo/FLC0260S2522A-WHITE,2,29.96,59.94,Women,WoodLand,FLC0260S2522A
7,Black Canvas shoes for women,https://www.woodlandworldwide.com/productinfo/FLC0310S2532A-BLACK,2,32.96,65.94,Women,WoodLand,FLC0310S2532A
8,Grey/Green Sneaker for women,https://www.woodlandworldwide.com/productinfo/FLC0IA0AR972A-GREY_GREEN,2,89.94,89.94,Women,WoodLand,FLC0IA0AR972A
9,Maroon canvas shoes for women,https://www.woodlandworldwide.com/productinfo/FLC0310S2612A-MAROON,3,29.96,59.94,Women,WoodLand,FLC0310S2612A
10,Desert Rose sneaker for women,https://www.woodlandworldwide.com/productinfo/FLC0AX032671A-DESERT_ROSE,3,35.96,59.94,Women,WoodLand,FLC0AX032671A
11,Black/Purple Sports Shoe for Women,https://www.woodlandworldwide.com/productinfo/FLC0DN0AR952A-BLACK_PURPLE,2,83.94,83.94,Women,WoodLand,FLC0DN0AR952A
12,Grey Sneaker for Men,https://www.woodlandworldwide.com/productinfo/FLC0DY0AR942A-GREY,2,83.94,83.94,Women,WoodLand,FLC0DY0AR942A
13,Pink/Blue Sneaker for women,https://www.woodlandworldwide.com/productinfo/FLC0DN0AR932A-PINK_BLUE,2,83.94,83.94,Women,WoodLand,FLC0DN0AR932A
14,Pink Sneakers for women,https://www.woodlandworldwide.com/productinfo/FLC0260S2552A-PINK,2,26.96,53.94,Women,WoodLand,FLC0260S2552A
15,White Fabric Ladies Luxury Sports Shoes,https://www.woodlandworldwide.com/productinfo/FLC0H40S9652A-WHITE,2,50.36,83.94,Women,WoodLand,FLC0H40S9652A
16,White Sneaker for women,https://www.woodlandworldwide.com/productinfo/FLC0H40R1972A-WHITE,2,53.96,89.94,Women,WoodLand,FLC0H40R1972A
17,Tan casual sneakers,https://www.woodlandworldwide.com/productinfo/FLC0Z3024031B-TAN,1,29.96,59.94,Women,WoodLand,FLC0Z3024031B
18,White Sneaker for women,https://www.woodlandworldwide.com/productinfo/FLC0510R1982A-WHITE,2,57.56,95.94,Women,WoodLand,FLC0510R1982A
19,Blue Sneaker for women,https://www.woodlandworldwide.com/productinfo/FLC0H40S7612A-BLUE,2,50.36,83.94,Women,WoodLand,FLC0H40S7612A
20,Fuschia Fabric Ladies Luxury Sports Shoes,https://www.woodlandworldwide.com/productinfo/FLC0H40S9662A-FUSCHIA,2,50.36,83.94,Women,WoodLand,FLC0H40S9662A
21,White/Purple Sneakers for Women,https://www.woodlandworldwide.com/productinfo/FLC0IA0AR992A-WHITE_PURPLE,1,89.94,89.94,Women,WoodLand,FLC0IA0AR992A
22,Woodland Camel casual sneakers,https://www.woodlandworldwide.com/productinfo/FLC051016461A-CAMEL,1,47.65,63.54,Women,WoodLand,FLC051016461A
23,Light blue casual sneakers for women,https://www.woodlandworldwide.com/productinfo/FLC0310T9022A-LBLUE,2,19.2,53.94,Women,WoodLand,FLC0310T9022A
24,Black Sneaker for women,https://www.woodlandworldwide.com/productinfo/FLC0H40R1952A-BLACK,2,50.36,83.94,Women,WoodLand,FLC0H40R1952A
25,Grey casual sneaker for women,https://www.woodlandworldwide.com/productinfo/FLC0310T9062A-GREY,2,14.4,53.94,Women,WoodLand,FLC0310T9062A
26,Purple/Grey Sneakers for Women,https://www.woodlandworldwide.com/productinfo/FLC0510R1962A-PURPLE_GREY,2,57.56,95.94,Women,WoodLand,FLC0510R1962A
27,Navy Slip-on sneaker for women,https://www.woodlandworldwide.com/productinfo/FLC0H40S7582A-NAVY,2,43.16,71.94,Women,WoodLand,FLC0H40S7582A
28,Red casual sneakers,https://www.woodlandworldwide.com/productinfo/FLC0260U2632A-RED,2,18.0,53.94,Women,WoodLand,FLC0260U2632A
29,Woodland DBLUE casual sneakers,https://www.woodlandworldwide.com/productinfo/FLC0AI027271A-DBLUE,2,24.0,53.94,Women,WoodLand,FLC0AI027271A
30,Pink Slip-on shoes,https://www.woodlandworldwide.com/productinfo/FLC0H40T3272A-PINK,2,18.0,59.94,Women,WoodLand,FLC0H40T3272A
31,Grey slip-on shoes for women,https://www.woodlandworldwide.com/productinfo/FLC0310T9032A-GREY,2,14.4,53.94,Women,WoodLand,FLC0310T9032A
32,Grey Sneaker for women,https://www.woodlandworldwide.com/productinfo/FLC0H40S7602A-GREY,2,43.16,71.94,Women,WoodLand,FLC0H40S7602A
33,Woodland Rust Brown high ankle sneakers,https://www.woodlandworldwide.com/productinfo/FLC0AR028921A-RUST_BROWN,2,39.56,65.94,Women,WoodLand,FLC0AR028921A
34,Woodland Black casual sneakers,https://www.woodlandworldwide.com/productinfo/FLC0H9025631B-BLACK,2,24.0,53.94,Women,WoodLand,FLC0H9025631B
35,Blue Sports Sneaker for Women,https://www.woodlandworldwide.com/productinfo/FLC0150S0142A-BLUE,1,46.76,77.94,Women,WoodLand,FLC0150S0142A
36,Blue sneaker for women,https://www.woodlandworldwide.com/productinfo/FLC0180T0952A-BLUE,1,46.76,77.94,Women,WoodLand,FLC0180T0952A
37,WHITE Leather shoes,https://www.woodlandworldwide.com/productinfo/FLC0310V3382A-WHITE,1,57.56,95.94,Women,WoodLand,FLC0310V3382A
38,blue casual sneakers for women,https://www.woodlandworldwide.com/productinfo/FLC0BA025011A-BLUE,3,24.0,53.94,Women,WoodLand,FLC0BA025011A
39,Woods BLACK casual sneakers,https://www.woodlandworldwide.com/productinfo/FLC0H40U6372A-BLACK,2,53.96,89.94,Women,WoodLand,FLC0H40U6372A
40,Pink chunky sole sneaker for women,https://www.woodlandworldwide.com/productinfo/FLC0H40T0772A-PINK,1,46.76,77.94,Women,WoodLand,FLC0H40T0772A
41,White and red casual sneaker,https://www.woodlandworldwide.com/productinfo/FLC0180U6602A-WHITE_RED,1,57.56,95.94,Women,WoodLand,FLC0180U6602A
42,Blue Sneaker for women,https://www.woodlandworldwide.com/productinfo/FLC0H40S7592A-BLUE,2,43.16,71.94,Women,WoodLand,FLC0H40S7592A
43,Purple chunky sole sneaker for women,https://www.woodlandworldwide.com/productinfo/FLC0H40T0782A-PURPLE,1,46.76,77.94,Women,WoodLand,FLC0H40T0782A
44,LPINK high ankle sneakers for women,https://www.woodlandworldwide.com/productinfo/FLC0510T0802A-LPINK,1,46.76,77.94,Women,WoodLand,FLC0510T0802A
45,Woodland black casual sneakers,https://www.woodlandworldwide.com/productinfo/FLC0AI025371B-BLACK,3,24.0,53.94,Women,WoodLand,FLC0AI025371B
46,Beige casual sneaker,https://www.woodlandworldwide.com/productinfo/FLC0R9025031A-BEIGE,3,29.36,58.74,Women,WoodLand,FLC0R9025031A
47,Pink sneakers for women,https://www.woodlandworldwide.com/productinfo/FLC0DY0T7822A-PINK,2,41.96,83.94,Women,WoodLand,FLC0DY0T7822A
48,Rust canvas sneaker for women,https://www.woodlandworldwide.com/productinfo/FLC0310T9042A-RUST,2,19.2,53.94,Women,WoodLand,FLC0310T9042A
49,Navy casual sneaker with sequins,https://www.woodlandworldwide.com/productinfo/FLC0260U2622A-NAVY,1,24.0,77.94,Women,WoodLand,FLC0260U2622A
50,Pink sock-style high top sneakers,https://www.woodlandworldwide.com/productinfo/FLC0H40T0762A-PINK,1,39.56,65.94,Women,WoodLand,FLC0H40T0762A
51,LGREY slip on sneaker,https://www.woodlandworldwide.com/productinfo/FLC0H40U3342A-LGREY,1,50.36,83.94,Women,WoodLand,FLC0H40U3342A
52,Woods BLACK high wedge heel,https://www.woodlandworldwide.com/productinfo/FLC0R70U3282A-BLACK,1,53.96,89.94,Women,WoodLand,FLC0R70U3282A
53,Orange casual sneaker,https://www.woodlandworldwide.com/productinfo/FLC051017981A-ORANGE,2,12.0,47.94,Women,WoodLand,FLC051017981A
54,Pink sneaker for women,https://www.woodlandworldwide.com/productinfo/FLC0510T0572A-PINK,1,71.96,119.94,Women,WoodLand,FLC0510T0572A
55,Woodland lpink casual sneakers for women,https://www.woodlandworldwide.com/productinfo/FLC0AI024471A-LPINK,3,24.0,59.94,Women,WoodLand,FLC0AI024471A
56,Light brown high-top sneaker for Women,https://www.woodlandworldwide.com/productinfo/FLC0510T7112A-LBROWN,1,100.76,167.94,Women,WoodLand,FLC0510T7112A
57,Grey slip-on sneaker,https://www.woodlandworldwide.com/productinfo/FLC0H40U3332A-GREY,1,50.36,83.94,Women,WoodLand,FLC0H40U3332A
58,Red casual sneakers,https://www.woodlandworldwide.com/productinfo/FLC0260U2552A-RED,3,18.0,71.94,Women,WoodLand,FLC0260U2552A
59,Woods black sneakers for women,https://www.woodlandworldwide.com/productinfo/FLC0BA025051A-BLACK,2,29.96,59.94,Women,WoodLand,FLC0BA025051A
60,LBLUE high ankle sneakers for women,https://www.woodlandworldwide.com/productinfo/FLC0510T0792A-LBLUE,1,46.76,77.94,Women,WoodLand,FLC0510T0792A
61,ORANGE casual sneakers for women,https://www.woodlandworldwide.com/productinfo/FLC0Z3022441A-ORANGE,4,14.4,53.94,Women,WoodLand,FLC0Z3022441A
62,Woodland Black casual sneakers,https://www.woodlandworldwide.com/productinfo/FLC0Z3028911A-BLACK,2,24.0,59.94,Women,WoodLand,FLC0Z3028911A
63,Woods RED casual sneakers,https://www.woodlandworldwide.com/productinfo/FLC0260V3482A-RED,2,64.76,107.94,Women,WoodLand,FLC0260V3482A
64,Graffiti/White sneakers for women,https://www.woodlandworldwide.com/productinfo/FLC0180U6582A-GRAFFITI_WHITE,2,24.0,89.94,Women,WoodLand,FLC0180U6582A
65,Grey casual sneakers for women,https://www.woodlandworldwide.com/productinfo/FLC0260U2592A-GREY,2,18.0,53.94,Women,WoodLand,FLC0260U2592A
66,BLACK sneakers for women,https://www.woodlandworldwide.com/productinfo/FLC0G2025001A-BLACK,2,24.0,53.94,Women,WoodLand,FLC0G2025001A
67,Purple sock-style high top sneakers,https://www.woodlandworldwide.com/productinfo/FLC0H40T0752A-PURPLE,1,39.56,65.94,Women,WoodLand,FLC0H40T0752A
68,Navy sneaker for women,https://www.woodlandworldwide.com/productinfo/FLC0180T0962A-NAVY,1,43.16,71.94,Women,WoodLand,FLC0180T0962A
69,Off-white chunky sole sneaker,https://www.woodlandworldwide.com/productinfo/FLC0B3024821B-OWHITE,2,24.0,51.54,Women,WoodLand,FLC0B3024821B
70,Woods WHITE casual sneakers,https://www.woodlandworldwide.com/productinfo/FLC0180V3482A-WHITE,1,64.76,107.94,Women,WoodLand,FLC0180V3482A
71,White high-top sneaker for women,https://www.woodlandworldwide.com/productinfo/FLC0Z3022431A-WHITE,2,18.0,53.94,Women,WoodLand,FLC0Z3022431A
72,Black Slip-on Shoe for Men,https://www.woodlandworldwide.com/productinfo/FGC026041122A-BLACK,3,18.85,25.14,Men,WoodLand,FGC026041122A
73,Navy Slip-on Shoe for Men,https://www.woodlandworldwide.com/productinfo/FGC0Y9039132A-NAVY,2,26.95,35.94,Men,WoodLand,FGC0Y9039132A
74,Camel Sneakers for Men,https://www.woodlandworldwide.com/productinfo/FGC0Z7044742A-WHITE,3,22.45,29.94,Men,WoodLand,FGC0Z7044742A
75,Navy Sports Shoe for Men,https://www.woodlandworldwide.com/productinfo/FGC0Z7041612A-NAVY,3,22.45,29.94,Men,WoodLand,FGC0Z7041612A
76,Black Sneaker for Men,https://www.woodlandworldwide.com/productinfo/FGC0Z7044752A-BLACK,3,29.94,29.94,Men,WoodLand,FGC0Z7044752A
77,Black/Lgrey Slip Shoe for Men,https://www.woodlandworldwide.com/productinfo/FGC0Y9040822A-BLACK_LGREY,3,19.27,27.54,Men,WoodLand,FGC0Y9040822A
78,Grey slip-on shoe for men,https://www.woodlandworldwide.com/productinfo/FGC0Z7041642A-GREY,3,17.95,23.94,Men,WoodLand,FGC0Z7041642A
79,Snaype casual sneaker for men,https://www.woodlandworldwide.com/productinfo/FGC0L4033001A-SNAYPE,2,28.76,47.94,Men,WoodLand,FGC0L4033001A
80,Teal Sneaker for men,https://www.woodlandworldwide.com/productinfo/FGC026041142A-TEAL,3,18.43,26.34,Men,WoodLand,FGC026041142A
81,Dgrey Slip-on Shoe for Men,https://www.woodlandworldwide.com/productinfo/FGC0Y9039142A-DGREY,2,25.15,33.54,Men,WoodLand,FGC0Y9039142A
82,Navy sneakers for Men,https://www.woodlandworldwide.com/productinfo/FGC0Z7040072A-NAVY,3,25.15,33.54,Men,WoodLand,FGC0Z7040072A
83,Woodland Red sneakers,https://www.woodlandworldwide.com/productinfo/FGC0C8012921B-RED,2,26.6,44.34,Men,WoodLand,FGC0C8012921B
84,Grey Slip-on Shoe for Men,https://www.woodlandworldwide.com/productinfo/FGC0Y9041192A-GREY,3,22.45,29.94,Men,WoodLand,FGC0Y9041192A
85,White/Blue Sports Shoes for Men,https://www.woodlandworldwide.com/productinfo/FGC0DN0AR892A-WHITE_BLUE,2,89.94,89.94,Men,WoodLand,FGC0DN0AR892A
86,Lgrey/Orange Sports Shoes for Men,https://www.woodlandworldwide.com/productinfo/FGC0DY0AR872A-LGREY_ORANGE,2,89.94,89.94,Men,WoodLand,FGC0DY0AR872A
87,Black Fabric Luxury Sports Shoes,https://www.woodlandworldwide.com/productinfo/FGC0H40S9622A-BLACK,2,53.96,89.94,Men,WoodLand,FGC0H40S9622A
88,Black Sports Shoes for Men,https://www.woodlandworldwide.com/productinfo/FGC0DN0AR922A-BLACK,2,89.94,89.94,Men,WoodLand,FGC0DN0AR922A
89,White/Black Sports Shoe for Men,https://www.woodlandworldwide.com/productinfo/FGC0DN0AR882A-WHITE_BLACK,2,89.94,89.94,Men,WoodLand,FGC0DN0AR882A
90,Blue sneakers for men,https://www.woodlandworldwide.com/productinfo/FGC0H40S7552A-BLUE,2,46.76,77.94,Men,WoodLand,FGC0H40S7552A
91,White Fabric Luxury Sports Shoes,https://www.woodlandworldwide.com/productinfo/FGC0H40S9632A-WHITE,2,53.96,89.94,Men,WoodLand,FGC0H40S9632A
92,Black/Red Sneaker for Men,https://www.woodlandworldwide.com/productinfo/FGC0Y9040932A-BLACK_RED,2,25.15,33.54,Men,WoodLand,FGC0Y9040932A
93,Black Slip-on Sneaker,https://www.woodlandworldwide.com/productinfo/FGC0H40S7562A-BLACK,2,43.16,71.94,Men,WoodLand,FGC0H40S7562A
94,Beige Fabric Luxury Sports Shoes,https://www.woodlandworldwide.com/productinfo/FGC0H40S9642A-BEIGE,2,53.96,89.94,Men,WoodLand,FGC0H40S9642A
95,RB Brown Sneakers for men,https://www.woodlandworldwide.com/productinfo/FGC0Z3024211C-RB_BROWN,2,41.96,83.94,Men,WoodLand,FGC0Z3024211C
96,Beige Sneaker for men,https://www.woodlandworldwide.com/productinfo/FGC0510R2012A-BEIGE,2,61.16,101.94,Men,WoodLand,FGC0510R2012A
97,White Sports Shoes for Men,https://www.woodlandworldwide.com/productinfo/FGC0DN0AR912A-WHITE,1,83.94,83.94,Men,WoodLand,FGC0DN0AR912A
98,White Sports Shoe for Men,https://www.woodlandworldwide.com/productinfo/FGC0510R2022A-WHITE,2,61.16,101.94,Men,WoodLand,FGC0510R2022A
99,Navy chunky sole sneakers,https://www.woodlandworldwide.com/productinfo/FGC0BB033761A-NAVY,2,46.76,77.94,Men,WoodLand,FGC0BB033761A
100,Blue Slip on shoes,https://www.woodlandworldwide.com/productinfo/FGC0H40S7542A-BLUE,2,43.16,71.94,Men,WoodLand,FGC0H40S7542A
101,Black Sneaker for men,https://www.woodlandworldwide.com/productinfo/FGC0H40S7572A-BLACK,2,57.56,95.94,Men,WoodLand,FGC0H40S7572A
102,Grey Sneaker for men,https://www.woodlandworldwide.com/productinfo/FGC0510R2032A-GREY,2,57.56,95.94,Men,WoodLand,FGC0510R2032A
103,Black/Grey Sports Shoe for men,https://www.woodlandworldwide.com/productinfo/FGC0EM0S0152A-BLACK_LGREY,1,57.56,95.94,Men,WoodLand,FGC0EM0S0152A
104,Olive casual sneaker,https://www.woodlandworldwide.com/productinfo/FGC0H40T3262A-OLIVE,2,24.0,59.94,Men,WoodLand,FGC0H40T3262A
105,Black/Grey casual sneaker for men,https://www.woodlandworldwide.com/productinfo/FGC0180T8762A-BLACK_GREY,1,64.76,107.94,Men,WoodLand,FGC0180T8762A
106,Black Sneakers for Men,https://www.woodlandworldwide.com/productinfo/FGC0510R1992A-BLACK,2,57.56,95.94,Men,WoodLand,FGC0510R1992A
107,Blue/White casual sneaker for men,https://www.woodlandworldwide.com/productinfo/FGC0180T8752A-BLUE_WHITE,1,64.76,107.94,Men,WoodLand,FGC0180T8752A
108,Woodland DOVE WHITE sneakers,https://www.woodlandworldwide.com/productinfo/FGC0B3025091A-DOVE_WHITE,2,37.76,75.54,Men,WoodLand,FGC0B3025091A
109,dark grey casual sneaker for men,https://www.woodlandworldwide.com/productinfo/FGC051028671A-DGREY,3,32.96,65.94,Men,WoodLand,FGC051028671A
110,Navy Sports Sneaker for men,https://www.woodlandworldwide.com/productinfo/FGC0510S0112A-NAVY,1,57.56,95.94,Men,WoodLand,FGC0510S0112A
111,Woodland NAVY sneakers,https://www.woodlandworldwide.com/productinfo/FGC0V2025091A-NAVY,1,37.76,75.54,Men,WoodLand,FGC0V2025091A
112,Sand Sports Shoe for men,https://www.woodlandworldwide.com/productinfo/FGC0DY0S0072A-SAND,1,57.56,95.94,Men,WoodLand,FGC0DY0S0072A
113,Lgrey Sneaker for Men,https://www.woodlandworldwide.com/productinfo/FGC0510R2062A-LGREY,2,61.16,101.94,Men,WoodLand,FGC0510R2062A
114,BLUE casual sneakers,https://www.woodlandworldwide.com/productinfo/FGC0180V3512A-BLUE,1,50.96,101.94,Men,WoodLand,FGC0180V3512A
115,Camel casual sneakers for men,https://www.woodlandworldwide.com/productinfo/FGC0G2030171A-CAMEL,2,24.0,45.54,Men,WoodLand,FGC0G2030171A
116,Grey high ankle sneakers,https://www.woodlandworldwide.com/productinfo/FGC0H40U8442A-GREY,2,30.0,83.94,Men,WoodLand,FGC0H40U8442A
117,DNAVY high-top sneakers,https://www.woodlandworldwide.com/productinfo/FGC089024571A-DNAVY,1,30.0,77.94,Men,WoodLand,FGC089024571A
118,White casual sneaker for men,https://www.woodlandworldwide.com/productinfo/FGC0H40U8012A-WHITE,1,47.96,95.94,Men,WoodLand,FGC0H40U8012A
119,Army Sneaker for men,https://www.woodlandworldwide.com/productinfo/FGC0150S0032A-ARMY,1,57.56,95.94,Men,WoodLand,FGC0150S0032A
120,Grey Slip-on Shoes for men,https://www.woodlandworldwide.com/productinfo/FGC0Z7041542A-GREY,3,18.85,25.14,Men,WoodLand,FGC0Z7041542A
121,Dark green casual sneakers for men,https://www.woodlandworldwide.com/productinfo/FGC028030281A-DGREEN,2,32.96,65.94,Men,WoodLand,FGC028030281A
122,Navy Sneakers for Men,https://www.woodlandworldwide.com/productinfo/FGC031039112A-NAVY,3,17.96,29.94,Men,WoodLand,FGC031039112A
123,Navy Slip-on shoe for men,https://www.woodlandworldwide.com/productinfo/FGC0Z7041632A-NAVY,3,19.27,27.54,Men,WoodLand,FGC0Z7041632A
124,Navy /Brown Sneaker for men,https://www.woodlandworldwide.com/productinfo/FGC0150S0042A-NAVY_BROWN,1,57.56,95.94,Men,WoodLand,FGC0150S0042A
125,White Canvas Sneaker for men,https://www.woodlandworldwide.com/productinfo/FGC031039122A-WHITE,2,16.52,27.54,Men,WoodLand,FGC031039122A
126,Cashew Brown sneaker for men,https://www.woodlandworldwide.com/productinfo/FGC0L4037411A-CASHEW_BROWN,2,35.95,47.94,Men,WoodLand,FGC0L4037411A
127,White casual sneaker for men,https://www.woodlandworldwide.com/productinfo/FGC0H40U8002A-WHITE,1,41.96,83.94,Men,WoodLand,FGC0H40U8002A
128,Woodland SNAYPE sneakers,https://www.woodlandworldwide.com/productinfo/FGC0AR025091A-SNAYPE,3,37.76,75.54,Men,WoodLand,FGC0AR025091A
129,Brown outdoor shoe,https://www.woodlandworldwide.com/productinfo/FGC051019771A-BROWN,4,25.88,43.14,Men,WoodLand,FGC051019771A
130,Black casual sneakers for men,https://www.woodlandworldwide.com/productinfo/FGC0AJ024991A-BLACK,1,30.0,77.94,Men,WoodLand,FGC0AJ024991A
131,Lbrown/white Sports Sneaker for men,https://www.woodlandworldwide.com/productinfo/FGC0510S0102A-LBROWN_WHITE,1,57.56,95.94,Men,WoodLand,FGC0510S0102A
132,Blue sneakers for men,https://www.woodlandworldwide.com/productinfo/FGC0H40U8422A-BLUE,3,30.0,83.94,Men,WoodLand,FGC0H40U8422A
133,Lgrey Sneaker for Men,https://www.woodlandworldwide.com/productinfo/FGC0510R2002A-LGREY,2,61.16,101.94,Men,WoodLand,FGC0510R2002A
134,Navy and grey Sneakers for men,https://www.woodlandworldwide.com/productinfo/FGC0510T7812A-NAVY_GREY,2,44.96,89.94,Men,WoodLand,FGC0510T7812A
135,Blue casual sneaker for men,https://www.woodlandworldwide.com/productinfo/FGC0510T7052A-BLUE,1,100.76,167.94,Men,WoodLand,FGC0510T7052A
136,Grey Sports Shoe for Men,https://www.woodlandworldwide.com/productinfo/FGC0510R2042A-GREY,2,64.76,107.94,Men,WoodLand,FGC0510R2042A
137,Black sneakers for Men,https://www.woodlandworldwide.com/productinfo/FGC0Y9039162A-BLACK,2,26.95,35.94,Men,WoodLand,FGC0Y9039162A
138,SNAYPE casual sneakers,https://www.woodlandworldwide.com/productinfo/FGC0AR025131A-SNAYPE,2,32.96,65.94,Men,WoodLand,FGC0AR025131A
139,Woodland rblue high ankle sneakers,https://www.woodlandworldwide.com/productinfo/FGC051019021A-RBLUE,3,30.0,71.94,Men,WoodLand,FGC051019021A
140,Black/Apple green Sneaker for Men,https://www.woodlandworldwide.com/productinfo/FGC0Y9040922A-BLACK_APPLE_GREEN,2,25.15,33.54,Men,WoodLand,FGC0Y9040922A
141,Grey/Owhite slip-on sneaker for men,https://www.woodlandworldwide.com/productinfo/FGC0Y9040392A-GREY_OWHITE,3,19.27,27.54,Men,WoodLand,FGC0Y9040392A
142,Grey casual sneakers for men,https://www.woodlandworldwide.com/productinfo/FGC0180T0592A-GREY,1,79.16,131.94,Men,WoodLand,FGC0180T0592A
143,Woodland DNAVY casual shoes,https://www.woodlandworldwide.com/productinfo/FGC0GF0R6821Z-DNAVY,3,45.54,45.54,Men,WoodLand,FGC0GF0R6821Z
144,Navy Sneaker for Men,https://www.woodlandworldwide.com/productinfo/FGC0Z7040132A-NAVY,3,22.45,29.94,Men,WoodLand,FGC0Z7040132A
145,Navy Sneaker for Men,https://www.woodlandworldwide.com/productinfo/FGC0Y9040372A-NAVY,3,31.14,31.14,Men,WoodLand,FGC0Y9040372A
146,Navy Sneaker for Men,https://www.woodlandworldwide.com/productinfo/FGC0Y9040762A-NAVY,3,21.79,31.14,Men,WoodLand,FGC0Y9040762A
147,Black Sneaker for Men,https://www.woodlandworldwide.com/productinfo/FGC0Y9040732A-BLACK,2,20.11,28.74,Men,WoodLand,FGC0Y9040732A
148,Grey Sneakers for Men,https://www.woodlandworldwide.com/productinfo/FGC0Y9040752A-GREY,4,21.79,31.14,Men,WoodLand,FGC0Y9040752A
149,Grey/Red sneakers for men,https://www.woodlandworldwide.com/productinfo/FGC0Y9040902A-GREY_RED,3,23.35,31.14,Men,WoodLand,FGC0Y9040902A
150,Navy Canvas Sneaker for Men,https://www.woodlandworldwide.com/productinfo/FGC031039102A-NAVY,3,17.24,28.74,Men,WoodLand,FGC031039102A
151,Black sneakers for Men,https://www.woodlandworldwide.com/productinfo/FGC0Z7041592A-BLACK,3,20.65,27.54,Men,WoodLand,FGC0Z7041592A
152,Navy casual sneakers,https://www.woodlandworldwide.com/productinfo/FGC0H40W7082A-NAVY,1,18.0,39.54,Men,WoodLand,FGC0H40W7082A
153,Black sneakers for men,https://www.woodlandworldwide.com/productinfo/FGC0DN032122A-BLACK,3,26.83,33.54,Men,WoodLand,FGC0DN032122A
154,White Sneaker for Men,https://www.woodlandworldwide.com/productinfo/FGC0Y9040772A-WHITE,2,27.67,39.54,Men,WoodLand,FGC0Y9040772A
155,Navy sneaker for men,https://www.woodlandworldwide.com/productinfo/FGC0Z7040082A-NAVY,2,22.45,29.94,Men,WoodLand,FGC0Z7040082A
156,Grey Sneakers for Men,https://www.woodlandworldwide.com/productinfo/FGC0Z7045232A-GREY,2,26.95,35.94,Men,WoodLand,FGC0Z7045232A
157,Black high-top sneaker for men,https://www.woodlandworldwide.com/productinfo/FGC0H4020401A-BLACK,2,24.0,65.94,Men,WoodLand,FGC0H4020401A
158,Grey casual sneakers for men,https://www.woodlandworldwide.com/productinfo/FGC0C30V0672A-GREY,1,57.56,95.94,Men,WoodLand,FGC0C30V0672A
159,Blue casual sneakers for men,https://www.woodlandworldwide.com/productinfo/FGC0H40U8432A-BLUE,2,30.0,83.94,Men,WoodLand,FGC0H40U8432A
160,Navy Sports Shoe for men,https://www.woodlandworldwide.com/productinfo/FGC0510S0062A-NAVY,1,57.56,95.94,Men,WoodLand,FGC0510S0062A
161,Grey sneaker for men,https://www.woodlandworldwide.com/productinfo/FGC0260U3112A-GREY,1,41.96,83.94,Men,WoodLand,FGC0260U3112A
162,Olive/Black Sneaker for men,https://www.woodlandworldwide.com/productinfo/FGC0Y9032762A-OLIVE_BLACK,2,21.56,35.94,Men,WoodLand,FGC0Y9032762A
163,Red/Navy Sneaker for men,https://www.woodlandworldwide.com/productinfo/FGC0Y9032772A-RED_NAVY,4,20.84,34.74,Men,WoodLand,FGC0Y9032772A
164,Grey Sneaker for Men,https://www.woodlandworldwide.com/productinfo/FGC0Y9039172A-GREY,2,26.95,35.94,Men,WoodLand,FGC0Y9039172A
165,Olive Sneakers for men,https://www.woodlandworldwide.com/productinfo/FGC0Z7039792A-OLIVE,3,22.45,29.94,Men,WoodLand,FGC0Z7039792A
166,White Sports Shoe for Men,https://www.woodlandworldwide.com/productinfo/FGC0Z7041622A-WHITE,3,33.54,33.54,Men,WoodLand,FGC0Z7041622A
167,LKHAKI low-top sneakers,https://www.woodlandworldwide.com/productinfo/FGC0260U2742A-LKHAKI,2,24.0,65.94,Men,WoodLand,FGC0260U2742A
168,Olive/black sneakers for men,https://www.woodlandworldwide.com/productinfo/FGC0Y9032092A-OLIVE_BLACK,3,27.32,45.54,Men,WoodLand,FGC0Y9032092A
169,Navy/White Mesh Pu Mens Sports Shoe,https://www.woodlandworldwide.com/productinfo/FGC0Y9040952A-NAVY_WHITE,3,25.15,35.94,Men,WoodLand,FGC0Y9040952A
170,Grey sneakers for men,https://www.woodlandworldwide.com/productinfo/FGC0DY0T7782A-GREY,2,47.96,95.94,Men,WoodLand,FGC0DY0T7782A
171,Grey Sneakers for Men,https://www.woodlandworldwide.com/productinfo/FGC0510R2052A-GREY,2,64.76,107.94,Men,WoodLand,FGC0510R2052A
172,Black Slip-on shoes,https://www.woodlandworldwide.com/productinfo/FGC0Y9037612A-BLACK,2,25.15,33.54,Men,WoodLand,FGC0Y9037612A
173,Navy Sneaker for Men,https://www.woodlandworldwide.com/productinfo/FGC0Z7041562A-NAVY,2,24.25,32.34,Men,WoodLand,FGC0Z7041562A
174,Grey/Green Sports Shoe for men,https://www.woodlandworldwide.com/productinfo/FGC0EM0S0162A-GREY_GREEN,1,57.56,95.94,Men,WoodLand,FGC0EM0S0162A
175,White Slip-on Shoes for men,https://www.woodlandworldwide.com/productinfo/FGC0Z7040102A-WHITE,2,20.65,27.54,Men,WoodLand,FGC0Z7040102A
176,Taupe Sports shoe for men,https://www.woodlandworldwide.com/productinfo/FGC0150S0122A-TAUPE,1,57.56,95.94,Men,WoodLand,FGC0150S0122A
177,Brown Sports Shoe for men,https://www.woodlandworldwide.com/productinfo/FGC0DY0S0082A-BROWN,1,57.56,95.94,Men,WoodLand,FGC0DY0S0082A
178,PARIS KHAKI sneaker for men,https://www.woodlandworldwide.com/productinfo/FGC0L4033131A-PARIS_KHAKI,3,35.96,59.94,Men,WoodLand,FGC0L4033131A
179,Dubai Khaki sneakers for men,https://www.woodlandworldwide.com/productinfo/FGC0L4037301A-DUBAI_KHAKI,4,44.34,44.34,Men,WoodLand,FGC0L4037301A
180,Navy sneakers for men,https://www.woodlandworldwide.com/productinfo/FGC0Y9032792A-NAVY,2,23.72,39.54,Men,WoodLand,FGC0Y9032792A
181,Black Slip-on Shoes for men,https://www.woodlandworldwide.com/productinfo/FGC0Z7041652A-BLACK,2,16.15,21.54,Men,WoodLand,FGC0Z7041652A
